date,sell_quantity,sell_value,buy_quantity,buy_value,daily_balance,inventory,avg_temperature,precipitation,incc,fuel_price,is_holiday
2024-01-01,,,,,0,175,24.9,0.1,0.0027,6.04,1
2024-01-02,163.0,32.1,280.0,28.97,117,292,25.0,0.2,0.0027,6.04,0
2024-01-03,215.0,31.13,,28.97,-215,77,24.8,4.9,0.0027,6.04,0
2024-01-04,,,240.0,28.43,240,317,24.8,0.0,0.0027,6.04,0
2024-01-05,55.0,35.5,240.0,28.43,185,502,25.1,0.0,0.0027,6.04,0
2024-01-06,2.0,33.5,,28.43,-2,500,26.4,0.0,0.0027,6.04,0
2024-01-07,,,,28.43,0,500,27.5,2.1,0.0027,6.05,0
2024-01-08,129.0,34.53,,28.43,-129,371,27.0,0.0,0.0027,6.05,0
2024-01-09,84.0,35.29,240.0,28.43,156,527,26.8,11.3,0.0027,6.05,0
2024-01-10,142.0,34.92,,28.43,-142,385,25.4,1.7,0.0027,6.05,0
2024-01-11,147.0,35.12,240.0,28.43,93,478,24.6,17.6,0.0027,6.05,0
2024-01-12,164.0,32.63,,28.43,-164,314,25.0,10.1,0.0027,6.05,0
2024-01-13,12.0,34.2,,28.43,-12,302,23.4,21.4,0.0027,6.05,0
2024-01-14,,,,28.43,0,302,25.5,0.3,0.0027,6.03,0
2024-01-15,60.0,33.45,280.0,28.97,220,522,25.0,0.7,0.0027,6.03,0
2024-01-16,484.0,35.49,200.0,28.47,-284,238,27.0,0.4,0.0027,6.03,0
2024-01-17,149.0,28.43,280.0,28.97,131,369,27.9,0.5,0.0027,6.03,0
2024-01-18,95.0,35.56,,28.97,-95,274,26.5,0.7,0.0027,6.03,0
2024-01-19,208.0,32.45,280.0,28.97,72,346,24.8,13.9,0.0027,6.03,0
2024-01-20,75.0,38.72,,28.97,-75,271,23.2,8.1,0.0027,6.03,0
2024-01-21,,,,28.97,0,271,24.9,10.0,0.0027,5.98,0
2024-01-22,195.0,35.06,120.0,28.47,-75,196,24.0,0.0,0.0027,5.98,0
2024-01-23,149.0,35.42,240.0,28.43,91,287,20.1,23.9,0.0027,5.98,0
2024-01-24,221.0,30.8,240.0,27.94,19,306,21.3,0.0,0.0027,5.98,0
2024-01-25,186.0,35.59,,27.94,-186,120,20.5,0.6,0.0027,5.98,0
2024-01-26,130.0,35.04,280.0,26.65,150,270,20.9,0.3,0.0027,5.98,0
2024-01-27,45.0,33.85,,26.65,-45,225,22.8,0.0,0.0027,5.98,0
2024-01-28,,,,26.65,0,225,24.0,1.5,0.0027,5.98,0
2024-01-29,165.0,34.08,,26.65,-165,60,22.9,0.1,0.0027,5.98,0
2024-01-30,160.0,35.83,252.0,30.66,92,152,25.9,0.0,0.0027,5.98,0
2024-01-31,165.0,34.99,,30.66,-165,-13,22.5,1.4,0.0027,5.98,0
2024-02-01,257.0,36.2,240.0,26.63,-17,-30,23.3,1.8,0.0013,5.98,0
2024-02-02,301.0,32.28,240.0,26.63,-61,-91,23.0,8.4,0.0013,5.98,0
2024-02-03,20.0,34.5,400.0,28.5,380,289,23.4,1.5,0.0013,5.98,0
2024-02-04,,,,28.5,0,289,23.7,8.9,0.0013,6.02,0
2024-02-05,265.0,36.11,,28.5,-265,24,25.8,0.0,0.0013,6.02,0
2024-02-06,23.0,33.17,,28.5,-23,1,25.7,0.9,0.0013,6.02,0
2024-02-07,182.0,31.15,240.0,27.94,58,59,25.4,6.1,0.0013,6.02,0
2024-02-08,56.0,35.2,,27.94,-56,3,25.6,0.0,0.0013,6.02,0
2024-02-09,138.0,34.5,385.0,28.22,247,250,27.4,0.0,0.0013,6.02,0
2024-02-10,,,,28.22,0,250,28.0,0.0,0.0013,6.02,0
2024-02-11,,,,28.22,0,250,27.6,0.0,0.0013,6.0,0
2024-02-12,57.0,36.3,54.0,28.5,-3,247,27.2,0.5,0.0013,6.0,0
2024-02-13,,,,28.5,0,247,27.4,0.4,0.0013,6.0,0
2024-02-14,118.0,35.27,280.0,28.44,162,409,23.0,20.1,0.0013,6.0,0
2024-02-15,126.0,37.92,,28.44,-126,283,22.2,18.0,0.0013,6.0,0
2024-02-16,92.0,36.14,,28.44,-92,191,21.8,13.3,0.0013,6.0,0
2024-02-17,,,,28.44,0,191,24.2,1.4,0.0013,6.0,0
2024-02-18,,,,28.44,0,191,23.3,0.3,0.0013,6.0,0
2024-02-19,285.0,35.33,240.0,27.91,-45,146,22.7,1.4,0.0013,6.0,0
2024-02-20,130.0,34.64,240.0,27.91,110,256,22.6,25.0,0.0013,6.0,0
2024-02-21,159.0,36.37,80.0,29.9,-79,177,21.8,5.1,0.0013,6.0,0
2024-02-22,158.0,35.85,480.0,28.18,322,499,24.4,5.0,0.0013,6.0,0
2024-02-23,161.0,35.52,,28.18,-161,338,25.0,5.9,0.0013,6.0,0
2024-02-24,,,,28.18,0,338,26.4,4.0,0.0013,6.0,0
2024-02-25,,,,28.18,0,338,27.4,0.5,0.0013,6.0,0
2024-02-26,134.0,35.09,280.0,28.44,146,484,27.1,0.4,0.0013,6.0,0
2024-02-27,127.0,37.71,,28.44,-127,357,27.1,0.7,0.0013,6.0,0
2024-02-28,189.0,34.71,200.0,27.95,11,368,28.7,0.5,0.0013,6.0,0
2024-02-29,243.0,35.15,320.0,29.9,77,445,27.3,14.6,0.0013,6.0,0
2024-03-01,35.0,33.73,,29.9,-35,410,25.4,7.9,0.0028000000000000004,6.0,0
2024-03-02,20.0,41.6,,29.9,-20,390,24.8,0.0,0.0028000000000000004,6.0,0
2024-03-03,,,,29.9,0,390,25.2,0.0,0.0028000000000000004,5.99,0
2024-03-04,200.0,34.99,200.0,27.91,0,390,26.6,0.0,0.0028000000000000004,5.99,0
2024-03-05,99.0,37.4,280.0,28.44,181,571,26.7,5.9,0.0028000000000000004,5.99,0
2024-03-06,196.0,34.86,280.0,28.44,84,655,25.7,1.7,0.0028000000000000004,5.99,0
2024-03-07,148.0,35.63,80.0,26.68,-68,587,25.0,3.0,0.0028000000000000004,5.99,0
2024-03-08,211.0,35.42,240.0,26.95,29,616,25.6,2.0,0.0028000000000000004,5.99,0
2024-03-09,15.0,35.57,,26.95,-15,601,25.0,4.9,0.0028000000000000004,5.99,0
2024-03-10,,,,26.95,0,601,24.2,1.8,0.0028000000000000004,5.99,0
2024-03-11,220.0,35.91,240.0,26.92,20,621,24.7,0.0,0.0028000000000000004,5.99,0
2024-03-12,165.0,35.77,280.0,27.43,115,736,24.8,0.0,0.0028000000000000004,5.99,0
2024-03-13,213.0,36.29,,27.43,-213,523,26.3,0.0,0.0028000000000000004,5.99,0
2024-03-14,173.0,36.21,280.0,27.43,107,630,27.7,0.0,0.0028000000000000004,5.99,0
2024-03-15,142.0,35.53,280.0,27.43,138,768,28.4,0.0,0.0028000000000000004,5.99,0
2024-03-16,81.0,33.98,,27.43,-81,687,28.4,0.0,0.0028000000000000004,5.99,0
2024-03-17,,,,27.43,0,687,26.9,13.2,0.0028000000000000004,6.01,0
2024-03-18,191.0,35.83,280.0,27.43,89,252,26.4,4.1,0.0028000000000000004,6.01,0
2024-03-19,226.0,34.81,280.0,27.43,54,357,26.8,9.3,0.0028000000000000004,6.01,0
2024-03-20,180.0,34.61,,27.43,-180,177,26.3,0.2,0.0028000000000000004,6.01,0
2024-03-21,101.0,34.66,280.0,27.43,179,356,26.3,12.1,0.0028000000000000004,6.01,0
2024-03-22,416.0,34.49,280.0,27.43,-136,220,23.1,8.1,0.0028000000000000004,6.01,0
2024-03-23,8.0,34.7,,27.43,-8,212,20.4,0.8,0.0028000000000000004,6.01,0
2024-03-24,,,,27.43,0,212,19.0,29.3,0.0028000000000000004,6.0,0
2024-03-25,200.0,35.92,,27.43,-200,12,23.0,0.3,0.0028000000000000004,6.0,0
2024-03-26,178.0,35.38,280.0,27.43,102,114,22.6,2.8,0.0028000000000000004,6.0,0
2024-03-27,128.0,35.76,280.0,27.43,152,266,21.3,2.9,0.0028000000000000004,6.0,0
2024-03-28,150.0,34.12,,27.43,-150,116,22.5,4.9,0.0028000000000000004,6.0,0
2024-03-29,,,,27.43,0,116,22.6,0.8,0.0028000000000000004,6.0,1
2024-03-30,8.0,37.2,,27.43,-8,108,24.2,0.0,0.0028000000000000004,6.0,0
2024-03-31,,,,27.43,0,108,24.6,0.0,0.0028000000000000004,5.98,0
2024-04-01,195.0,36.61,240.0,28.18,45,153,24.9,0.1,0.0052,5.98,0
2024-04-02,168.0,36.97,280.0,28.64,112,265,24.0,2.6,0.0052,5.98,0
2024-04-03,134.0,32.66,240.0,28.18,106,371,25.0,0.0,0.0052,5.98,0
2024-04-04,226.0,35.66,,28.18,-226,145,26.1,0.0,0.0052,5.98,0
2024-04-05,111.0,35.53,280.0,28.64,169,314,26.0,0.0,0.0052,5.98,0
2024-04-06,4.0,36.9,,28.64,-4,310,24.2,0.0,0.0052,5.98,0
2024-04-07,,,,28.64,0,310,24.0,0.0,0.0052,5.98,0
2024-04-08,123.0,36.9,280.0,28.64,157,467,23.0,4.1,0.0052,5.98,0
2024-04-09,169.0,37.34,,28.64,-169,298,22.6,3.2,0.0052,5.98,0
2024-04-10,155.0,34.95,240.0,28.18,85,383,23.4,1.8,0.0052,5.98,0
2024-04-11,250.0,35.78,,28.18,-250,133,24.7,0.5,0.0052,5.98,0
2024-04-12,128.0,34.61,280.0,28.64,152,285,24.5,0.0,0.0052,5.98,0
2024-04-13,36.0,37.47,,28.64,-36,249,24.6,2.7,0.0052,5.98,0
2024-04-14,,,,28.64,0,249,22.6,9.3,0.0052,5.99,0
2024-04-15,256.0,35.61,240.0,28.18,-16,233,24.0,0.3,0.0052,5.99,0
2024-04-16,62.0,35.69,280.0,28.64,218,451,25.1,0.0,0.0052,5.99,0
2024-04-17,60.0,36.04,,28.64,-60,391,23.8,7.3,0.0052,5.99,0
2024-04-18,159.0,35.53,280.0,28.64,121,512,21.5,0.0,0.0052,5.99,0
2024-04-19,220.0,32.68,,28.64,-220,292,19.8,0.0,0.0052,5.99,0
2024-04-20,2.0,34.9,,28.64,-2,290,21.1,0.0,0.0052,5.99,0
2024-04-21,,,,28.64,0,290,22.1,0.0,0.0052,6.0,1
2024-04-22,,,520.0,28.41,520,810,23.5,0.0,0.0052,6.0,0
2024-04-23,145.0,34.95,,28.41,-145,665,24.1,0.0,0.0052,6.0,0
2024-04-24,236.0,34.46,240.0,28.18,4,669,24.0,0.0,0.0052,6.0,0
2024-04-25,188.0,35.44,240.0,28.18,52,721,24.2,0.0,0.0052,6.0,0
2024-04-26,41.0,35.17,,28.18,-41,680,24.3,0.0,0.0052,6.0,0
2024-04-27,1.0,41.6,,28.18,-1,679,25.5,0.0,0.0052,6.0,0
2024-04-28,,,,28.18,0,679,25.8,0.0,0.0052,5.99,0
2024-04-29,57.0,35.36,280.0,28.03,223,902,25.2,0.0,0.0052,5.99,0
2024-04-30,118.0,35.79,,28.03,-118,784,25.2,0.0,0.0052,5.99,0
2024-05-01,,,,28.03,0,784,25.1,0.0,0.0086,5.99,1
2024-05-02,176.0,36.26,280.0,28.03,104,888,25.6,0.0,0.0086,5.99,0
2024-05-03,120.0,34.94,,28.03,-120,768,25.6,0.0,0.0086,5.99,0
2024-05-04,7.0,33.95,,28.03,-7,761,25.2,0.0,0.0086,5.99,0
2024-05-05,,,,28.03,0,761,25.0,0.0,0.0086,5.99,0
2024-05-06,194.0,35.66,280.0,29.8,86,847,24.0,0.0,0.0086,5.99,0
2024-05-07,110.0,35.83,280.0,29.8,170,1017,25.0,0.0,0.0086,5.99,0
2024-05-08,161.0,35.95,280.0,29.8,119,1136,25.3,0.0,0.0086,5.99,0
2024-05-09,118.0,35.54,,29.8,-118,1018,24.3,0.0,0.0086,5.99,0
2024-05-10,139.0,34.94,240.0,27.09,101,1119,23.9,0.0,0.0086,5.99,0
2024-05-11,37.0,34.27,,27.09,-37,1082,24.8,0.0,0.0086,5.99,0
2024-05-12,,,,27.09,0,1082,24.6,0.0,0.0086,5.99,0
2024-05-13,203.0,35.41,,27.09,-203,879,25.0,0.0,0.0086,5.99,0
2024-05-14,224.0,36.0,560.0,27.53,336,1215,23.2,0.2,0.0086,5.99,0
2024-05-15,123.0,37.19,,27.53,-123,1092,21.3,0.0,0.0086,5.99,0
2024-05-16,84.0,35.03,,27.53,-84,1008,23.1,0.0,0.0086,5.99,0
2024-05-17,207.0,34.49,,27.53,-207,801,25.0,0.0,0.0086,5.99,0
2024-05-18,1.0,41.6,,27.53,-1,800,24.6,0.0,0.0086,5.99,0
2024-05-19,,,,27.53,0,800,23.4,0.0,0.0086,5.97,0
2024-05-20,133.0,36.27,,27.53,-133,667,22.9,0.0,0.0086,5.97,0
2024-05-21,89.0,34.59,280.0,28.72,191,858,22.9,0.0,0.0086,5.97,0
2024-05-22,140.0,35.84,,28.72,-140,718,22.8,0.0,0.0086,5.97,0
2024-05-23,53.0,34.17,,28.72,-53,665,23.5,0.0,0.0086,5.97,0
2024-05-24,78.0,36.72,,28.72,-78,587,19.4,0.2,0.0086,5.97,0
2024-05-25,8.0,34.5,,28.72,-8,579,19.3,1.4,0.0086,5.97,0
2024-05-26,,,,28.72,0,579,16.2,16.1,0.0086,5.98,0
2024-05-27,168.0,36.48,520.0,28.49,352,931,19.1,5.4,0.0086,5.98,0
2024-05-28,89.0,34.79,,28.49,-89,144,15.3,0.0,0.0086,5.98,0
2024-05-29,183.0,32.79,280.0,28.72,97,241,13.0,0.0,0.0086,5.98,0
2024-05-30,,,,28.72,0,241,14.1,0.0,0.0086,5.98,0
2024-05-31,89.0,37.23,,28.72,-89,152,14.9,0.0,0.0086,5.98,0
2024-06-01,3.0,35.9,,28.72,-3,149,17.7,0.0,0.0070999999999999995,5.98,0
2024-06-02,,,,28.72,0,149,19.9,0.0,0.0070999999999999995,5.96,0
2024-06-03,140.0,36.57,240.0,28.26,100,249,21.4,0.0,0.0070999999999999995,5.96,0
2024-06-04,183.0,35.08,,28.26,-183,66,19.7,0.0,0.0070999999999999995,5.96,0
2024-06-05,55.0,35.4,640.0,28.4,585,651,19.1,0.0,0.0070999999999999995,5.96,0
2024-06-06,146.0,35.52,,28.4,-146,505,21.0,0.0,0.0070999999999999995,5.96,0
2024-06-07,125.0,35.35,,28.4,-125,380,21.1,0.0,0.0070999999999999995,5.96,0
2024-06-08,27.0,34.4,,28.4,-27,353,21.2,0.0,0.0070999999999999995,5.96,0
2024-06-09,,,,28.4,0,353,21.9,0.0,0.0070999999999999995,6.0,0
2024-06-10,45.0,37.47,,28.4,-45,308,22.4,0.0,0.0070999999999999995,6.0,0
2024-06-11,76.0,31.59,280.0,28.72,204,512,22.0,0.0,0.0070999999999999995,6.0,0
2024-06-12,154.0,36.76,280.0,28.72,126,638,21.6,0.0,0.0070999999999999995,6.0,0
2024-06-13,105.0,35.64,,28.72,-105,533,21.9,0.0,0.0070999999999999995,6.0,0
2024-06-14,60.0,34.92,280.0,28.72,220,753,22.1,0.0,0.0070999999999999995,6.0,0
2024-06-15,11.0,35.7,,28.72,-11,742,22.7,0.0,0.0070999999999999995,6.0,0
2024-06-16,,,,28.72,0,742,22.9,0.0,0.0070999999999999995,6.0,0
2024-06-17,175.0,35.9,,28.72,-175,567,21.7,0.0,0.0070999999999999995,6.0,0
2024-06-18,170.0,36.78,200.0,28.26,30,597,20.9,0.0,0.0070999999999999995,6.0,0
2024-06-19,188.0,36.81,,28.26,-188,409,21.7,0.0,0.0070999999999999995,6.0,0
2024-06-20,71.0,35.87,240.0,28.26,169,578,21.9,0.0,0.0070999999999999995,6.0,0
2024-06-21,246.0,36.34,560.0,30.9,314,892,20.7,0.0,0.0070999999999999995,6.0,0
2024-06-22,,,,30.9,0,892,21.7,0.0,0.0070999999999999995,6.0,0
2024-06-23,,,,30.9,0,892,23.0,0.0,0.0070999999999999995,5.99,0
2024-06-24,172.0,36.26,,30.9,-172,720,23.9,0.0,0.0070999999999999995,5.99,0
2024-06-25,88.0,36.9,,30.9,-88,632,22.6,0.0,0.0070999999999999995,5.99,0
2024-06-26,188.0,37.01,280.0,28.72,92,724,22.0,0.0,0.0070999999999999995,5.99,0
2024-06-27,138.0,36.32,200.0,28.26,62,786,20.9,0.0,0.0070999999999999995,5.99,0
2024-06-28,103.0,35.8,240.0,28.26,137,923,21.2,0.0,0.0070999999999999995,5.99,0
2024-06-29,15.0,36.23,,28.26,-15,908,22.4,0.0,0.0070999999999999995,5.99,0
2024-06-30,,,,28.26,0,908,18.0,2.8,0.0070999999999999995,5.99,0
2024-07-01,163.0,36.18,240.0,28.26,77,985,13.7,5.2,0.0072,5.99,0
2024-07-02,182.0,32.05,,28.26,-182,803,17.0,0.0,0.0072,5.99,0
2024-07-03,85.0,37.44,280.0,28.72,195,998,20.7,0.0,0.0072,5.99,0
2024-07-04,165.0,36.8,,28.72,-165,833,22.3,0.0,0.0072,5.99,0
2024-07-05,140.0,36.69,,28.72,-140,693,21.4,0.0,0.0072,5.99,0
2024-07-06,2.0,38.9,200.0,28.26,198,891,20.3,0.0,0.0072,5.99,0
2024-07-07,,,,28.26,0,891,20.7,0.0,0.0072,6.01,0
2024-07-08,35.0,40.1,,28.26,-35,856,19.1,5.0,0.0072,6.01,0
2024-07-09,,,,28.26,0,856,13.9,26.3,0.0072,6.01,1
2024-07-10,91.0,36.24,280.0,32.1,189,1045,16.5,2.0,0.0072,6.01,0
2024-07-11,249.0,36.13,,32.1,-249,796,20.5,0.0,0.0072,6.01,0
2024-07-12,115.0,36.94,74.0,32.1,-41,755,20.2,0.0,0.0072,6.01,0
2024-07-13,20.0,36.5,,32.1,-20,735,18.6,0.0,0.0072,6.01,0
2024-07-14,,,,32.1,0,735,19.7,0.0,0.0072,6.03,0
2024-07-15,103.0,36.27,,32.1,-103,632,19.1,0.0,0.0072,6.03,0
2024-07-16,30.0,34.9,,32.1,-30,602,18.6,0.0,0.0072,6.03,0
2024-07-17,155.0,36.94,280.0,29.91,125,727,19.3,0.0,0.0072,6.03,0
2024-07-18,365.0,35.6,240.0,29.54,-125,602,20.7,0.0,0.0072,6.03,0
2024-07-19,213.0,36.98,360.0,29.91,147,749,19.3,0.0,0.0072,6.03,0
2024-07-20,2.0,33.9,,29.91,-2,747,18.7,0.0,0.0072,6.03,0
2024-07-21,,,,29.91,0,747,18.8,0.0,0.0072,6.05,0
2024-07-22,112.0,37.16,200.0,29.54,88,835,20.6,0.0,0.0072,6.05,0
2024-07-23,277.0,35.84,,29.54,-277,558,20.0,0.0,0.0072,6.05,0
2024-07-24,343.0,35.24,240.0,27.77,-103,455,20.3,0.0,0.0072,6.05,0
2024-07-25,182.0,35.6,240.0,27.77,58,513,21.0,0.0,0.0072,6.05,0
2024-07-26,62.0,35.4,280.0,28.13,218,731,21.2,0.0,0.0072,6.05,0
2024-07-27,46.0,36.62,,28.13,-46,685,21.5,0.0,0.0072,6.05,0
2024-07-28,,,,28.13,0,685,22.7,0.0,0.0072,6.04,0
2024-07-29,32.0,35.57,,28.13,-32,653,23.0,0.0,0.0072,6.04,0
2024-07-30,193.0,36.17,,28.13,-193,460,16.1,0.7,0.0072,6.04,0
2024-07-31,129.0,36.41,440.0,29.32,311,771,19.7,0.0,0.0072,6.04,0
2024-08-01,20.0,35.9,,29.32,-20,751,20.7,0.0,0.006999999999999999,6.04,1
2024-08-02,170.0,35.97,280.0,28.13,110,861,21.6,0.0,0.006999999999999999,6.04,0
2024-08-03,28.0,35.92,,28.13,-28,833,23.6,0.0,0.006999999999999999,6.04,0
2024-08-04,,,,28.13,0,833,23.0,0.0,0.006999999999999999,6.03,0
2024-08-05,252.0,35.71,,28.13,-252,581,23.9,0.0,0.006999999999999999,6.03,0
2024-08-06,105.0,35.33,360.0,29.32,255,836,23.8,0.0,0.006999999999999999,6.03,0
2024-08-07,232.0,35.89,400.0,27.95,168,1004,25.1,0.0,0.006999999999999999,6.03,0
2024-08-08,105.0,35.8,,27.95,-105,899,24.0,0.0,0.006999999999999999,6.03,0
2024-08-09,18.0,37.1,,27.95,-18,881,17.5,15.0,0.006999999999999999,6.03,0
2024-08-10,,,,27.95,0,881,12.5,1.6,0.006999999999999999,6.03,0
2024-08-11,,,,27.95,0,881,13.8,0.0,0.006999999999999999,6.01,0
2024-08-12,200.0,36.28,480.0,27.26,280,1161,14.1,0.0,0.006999999999999999,6.01,0
2024-08-13,145.0,35.01,280.0,30.5,135,1296,14.0,0.0,0.006999999999999999,6.01,0
2024-08-14,229.0,35.73,,30.5,-229,1067,15.3,0.0,0.006999999999999999,6.01,0
2024-08-15,226.0,36.33,280.0,27.43,54,1121,21.5,0.0,0.006999999999999999,6.01,0
2024-08-16,149.0,35.83,240.0,26.6,91,1212,24.5,0.0,0.006999999999999999,6.01,0
2024-08-17,31.0,39.37,,26.6,-31,1181,25.1,0.0,0.006999999999999999,6.01,0
2024-08-18,,,,26.6,0,1181,25.1,0.0,0.006999999999999999,6.03,0
2024-08-19,274.0,35.76,280.0,26.93,6,1187,25.8,0.0,0.006999999999999999,6.03,0
2024-08-20,144.0,36.35,280.0,26.93,136,1323,26.2,0.0,0.006999999999999999,6.03,0
2024-08-21,149.0,36.42,,26.93,-149,1174,23.8,0.0,0.006999999999999999,6.03,0
2024-08-22,132.0,35.3,,26.93,-132,1042,25.9,0.0,0.006999999999999999,6.03,0
2024-08-23,67.0,35.6,,26.93,-67,975,26.2,0.0,0.006999999999999999,6.03,0
2024-08-24,3.0,34.9,,26.93,-3,972,19.5,2.2,0.006999999999999999,6.03,0
2024-08-25,,,,26.93,0,972,14.1,2.5,0.006999999999999999,6.03,0
2024-08-26,93.0,35.36,200.0,26.6,107,1079,13.2,0.0,0.006999999999999999,6.03,0
2024-08-27,129.0,35.54,560.0,29.7,431,1510,15.4,,0.006999999999999999,6.03,0
2024-08-28,91.0,36.08,,29.7,-91,1419,17.8,,0.006999999999999999,6.03,0
2024-08-29,297.0,33.19,,29.7,-297,1122,21.6,,0.006999999999999999,6.03,0
2024-08-30,232.0,35.68,480.0,26.6,248,1330,24.5,,0.006999999999999999,6.03,0
2024-08-31,11.0,35.7,,26.6,-11,1319,24.7,,0.006999999999999999,6.03,0
2024-09-01,,,,26.6,0,1319,25.9,,0.0058,6.03,0
2024-09-02,123.0,35.65,,26.6,-123,1196,25.9,,0.0058,6.03,0
2024-09-03,,,248.0,29.0,248,1444,26.8,,0.0058,6.03,0
2024-09-04,90.0,36.22,,29.0,-90,1354,27.7,0.0,0.0058,6.03,0
2024-09-05,219.0,35.25,,29.0,-219,1135,27.6,0.0,0.0058,6.03,0
2024-09-06,,,480.0,26.6,480,1615,21.0,0.0,0.0058,6.03,0
2024-09-07,,,,26.6,0,1615,24.9,0.0,0.0058,6.03,1
2024-09-08,,,,26.6,0,1615,28.7,0.0,0.0058,6.02,0
2024-09-09,102.0,36.09,,26.6,-102,1513,28.5,0.0,0.0058,6.02,0
2024-09-10,129.0,32.13,,26.6,-129,1384,27.1,0.0,0.0058,6.02,0
2024-09-11,108.0,36.32,,26.6,-108,1276,28.1,0.0,0.0058,6.02,0
2024-09-12,219.0,35.23,240.0,27.7,21,1297,27.8,0.0,0.0058,6.02,0
2024-09-13,49.0,35.45,,27.7,-49,1248,28.7,0.0,0.0058,6.02,0
2024-09-14,18.0,34.95,,27.7,-18,1230,28.0,0.0,0.0058,6.02,0
2024-09-15,,,,27.7,0,1230,22.2,0.3,0.0058,6.03,0
2024-09-16,118.0,35.13,,27.7,-118,1112,17.5,19.1,0.0058,6.03,0
2024-09-17,177.0,34.99,560.0,27.77,383,1495,19.2,0.0,0.0058,6.03,0
2024-09-18,176.0,35.79,280.0,27.77,104,1599,19.8,0.0,0.0058,6.03,0
2024-09-19,95.0,35.4,,27.77,-95,1504,24.3,0.0,0.0058,6.03,0
2024-09-20,104.0,35.67,,27.77,-104,1400,26.3,0.0,0.0058,6.03,0
2024-09-21,,,,27.77,0,1400,22.3,0.0,0.0058,6.03,0
2024-09-22,,,,27.77,0,1400,25.8,0.0,0.0058,6.01,0
2024-09-23,,,,27.77,0,1400,28.5,0.0,0.0058,6.01,0
2024-09-24,2.0,35.0,,27.77,-2,1398,28.6,0.0,0.0058,6.01,0
2024-09-25,,,,27.77,0,1398,29.9,0.0,0.0058,6.01,0
2024-09-26,,,,27.77,0,1398,31.3,0.0,0.0058,6.01,0
2024-09-27,,,,27.77,0,1398,25.6,2.5,0.0058,6.01,0
2024-09-28,,,,27.77,0,1398,22.6,0.0,0.0058,6.01,0
2024-09-29,,,,27.77,0,1398,24.1,0.0,0.0058,6.03,0
2024-09-30,30.0,36.23,280.0,28.95,250,1648,26.6,0.0,0.0058,6.03,0
2024-10-01,75.0,35.91,280.0,28.73,205,1853,29.6,0.0,0.0068000000000000005,6.03,0
2024-10-02,120.0,36.71,,28.73,-120,1733,29.8,0.0,0.0068000000000000005,6.03,0
2024-10-03,27.0,36.27,,28.73,-27,1706,23.8,0.2,0.0068000000000000005,6.03,0
2024-10-04,86.0,37.53,,28.73,-86,1620,21.5,0.0,0.0068000000000000005,6.03,0
2024-10-05,15.0,35.9,,28.73,-15,1605,23.1,0.0,0.0068000000000000005,6.03,0
2024-10-06,,,,28.73,0,1605,23.8,0.0,0.0068000000000000005,6.02,0
2024-10-07,130.0,35.91,240.0,28.88,110,1715,24.7,0.0,0.0068000000000000005,6.02,0
2024-10-08,88.0,36.57,,28.88,-88,1627,27.1,0.0,0.0068000000000000005,6.02,0
2024-10-09,112.0,36.23,240.0,28.88,128,1755,22.8,0.4,0.0068000000000000005,6.02,0
2024-10-10,64.0,36.5,,28.88,-64,1691,22.1,14.9,0.0068000000000000005,6.02,0
2024-10-11,62.0,37.7,240.0,28.88,178,1869,22.4,8.0,0.0068000000000000005,6.02,0
2024-10-12,,,,28.88,0,1869,23.1,0.2,0.0068000000000000005,6.02,1
2024-10-13,,,,28.88,0,1869,24.3,0.0,0.0068000000000000005,6.02,0
2024-10-14,283.0,36.26,280.0,28.95,-3,1866,24.0,0.0,0.0068000000000000005,6.02,0
2024-10-15,68.0,36.84,,28.95,-68,1798,25.1,6.2,0.0068000000000000005,6.02,0
2024-10-16,183.0,36.02,280.0,28.95,97,1895,26.2,1.0,0.0068000000000000005,6.02,0
2024-10-17,48.0,37.38,,28.95,-48,1847,27.3,0.0,0.0068000000000000005,6.02,0
2024-10-18,67.0,36.6,240.0,28.88,173,2020,25.6,0.3,0.0068000000000000005,6.02,0
2024-10-19,10.0,38.58,,28.88,-10,2010,20.7,6.1,0.0068000000000000005,6.02,0
2024-10-20,,,,28.88,0,2010,19.3,21.9,0.0068000000000000005,6.03,0
2024-10-21,129.0,36.08,,28.88,-129,1881,23.1,4.0,0.0068000000000000005,6.03,0
2024-10-22,104.0,36.65,,28.88,-104,1777,25.3,0.8,0.0068000000000000005,6.03,0
2024-10-23,76.0,36.22,,28.88,-76,1701,24.5,17.3,0.0068000000000000005,6.03,0
2024-10-24,65.0,37.09,400.0,29.89,335,2036,24.5,4.8,0.0068000000000000005,6.03,0
2024-10-25,342.0,34.33,200.0,28.88,-142,1894,24.2,26.3,0.0068000000000000005,6.03,0
2024-10-26,5.0,36.9,,28.88,-5,1889,25.7,0.3,0.0068000000000000005,6.03,0
2024-10-27,,,,28.88,0,1889,22.1,0.0,0.0068000000000000005,6.04,0
2024-10-28,66.0,36.39,,28.88,-66,1823,22.7,0.0,0.0068000000000000005,6.04,0
2024-10-29,106.0,37.72,,28.88,-106,1717,24.5,0.0,0.0068000000000000005,6.04,0
2024-10-30,127.0,35.76,280.0,30.9,153,1870,24.6,0.0,0.0068000000000000005,6.04,0
2024-10-31,182.0,36.06,,30.9,-182,1688,23.3,0.0,0.0068000000000000005,6.04,0
2024-11-01,53.0,36.19,400.0,28.28,347,2035,24.5,1.4,0.004,6.04,0
2024-11-02,,,,28.28,0,2035,21.7,14.7,0.004,6.04,1
2024-11-03,,,,28.28,0,2035,22.3,23.8,0.004,6.04,0
2024-11-04,59.0,36.79,,28.28,-59,1976,21.2,37.0,0.004,6.04,0
2024-11-05,58.0,35.68,,28.28,-58,1918,22.5,20.1,0.004,6.04,0
2024-11-06,85.0,35.88,,28.28,-85,1833,23.2,7.8,0.004,6.04,0
2024-11-07,50.0,37.17,,28.28,-50,1783,21.8,28.4,0.004,6.04,0
2024-11-08,3.0,36.0,,28.28,-3,1780,21.7,24.3,0.004,6.04,0
2024-11-09,20.0,35.9,,28.28,-20,1760,22.4,0.1,0.004,6.04,0
2024-11-10,,,,28.28,0,1760,22.8,0.0,0.004,6.05,0
2024-11-11,119.0,36.76,,28.28,-119,1641,24.2,0.0,0.004,6.05,0
2024-11-12,131.0,34.84,92.0,30.9,-39,1602,27.6,2.5,0.004,6.05,0
2024-11-13,109.0,35.71,240.0,27.82,131,1733,21.5,17.1,0.004,6.05,0
2024-11-14,29.0,36.32,400.0,27.82,371,2104,22.5,0.2,0.004,6.05,0
2024-11-15,,,,27.82,0,2104,23.0,8.7,0.004,6.05,1
2024-11-16,42.0,34.77,,27.82,-42,2062,22.6,10.4,0.004,6.05,0
2024-11-17,,,,27.82,0,2062,23.5,0.0,0.004,6.08,0
2024-11-18,101.0,35.72,,27.82,-101,1961,24.6,0.0,0.004,6.08,0
2024-11-19,62.0,35.9,,27.82,-62,1899,26.1,0.0,0.004,6.08,0
2024-11-20,22.0,36.2,,27.82,-22,1877,26.7,0.2,0.004,6.08,1
2024-11-21,142.0,34.78,,27.82,-142,1735,26.1,0.7,0.004,6.08,0
2024-11-22,88.0,35.82,,27.82,-88,1647,23.2,2.6,0.004,6.08,0
2024-11-23,1.0,33.0,,27.82,-1,1646,24.0,0.1,0.004,6.08,0
2024-11-24,,,,27.82,0,1646,22.8,0.2,0.004,6.09,0
2024-11-25,61.0,35.0,280.0,28.3,219,1865,24.0,0.0,0.004,6.09,0
2024-11-26,30.0,35.65,,28.3,-30,1835,27.2,0.0,0.004,6.09,0
2024-11-27,151.0,33.22,,28.3,-151,1684,28.4,0.0,0.004,6.09,0
2024-11-28,151.0,35.16,280.0,28.3,129,1813,26.4,21.5,0.004,6.09,0
2024-11-29,115.0,34.59,,28.3,-115,1698,23.5,7.8,0.004,6.09,0
2024-11-30,1.0,34.9,280.0,28.3,279,1977,26.1,0.9,0.004,6.09,0
2024-12-01,,,,28.3,0,1977,27.2,0.2,0.005,6.11,0
2024-12-02,102.0,34.89,,28.3,-102,1875,23.0,18.8,0.005,6.11,0
2024-12-03,41.0,35.26,,28.3,-41,1834,22.5,45.2,0.005,6.11,0
2024-12-04,49.0,34.49,280.0,28.3,231,2065,21.7,1.7,0.005,6.11,0
2024-12-05,94.0,32.66,,28.3,-94,1971,22.7,15.6,0.005,6.11,0
2024-12-06,71.0,34.24,,28.3,-71,1900,25.2,1.0,0.005,6.11,0
2024-12-07,24.0,33.67,,28.3,-24,1876,27.2,0.0,0.005,6.11,0
2024-12-08,,,,28.3,0,1876,23.2,0.5,0.005,6.12,0
2024-12-09,83.0,34.2,,28.3,-83,1793,23.9,6.8,0.005,6.12,0
2024-12-10,141.0,34.79,,28.3,-141,1652,23.8,,0.005,6.12,0
2024-12-11,25.0,35.63,280.0,28.3,255,1907,23.0,,0.005,6.12,0
2024-12-12,82.0,35.41,,28.3,-82,1825,23.5,,0.005,6.12,0
2024-12-13,56.0,34.45,,28.3,-56,1769,24.0,,0.005,6.12,0
2024-12-14,21.0,35.7,280.0,28.3,259,2028,21.7,29.9,0.005,6.12,0
2024-12-15,,,,28.3,0,2028,24.7,10.0,0.005,6.09,0
2024-12-16,115.0,33.73,,28.3,-115,1913,24.0,0.0,0.005,6.09,0
2024-12-17,129.0,33.64,,28.3,-129,1784,24.2,0.0,0.005,6.09,0
2024-12-18,79.0,35.06,280.0,27.79,201,1985,24.9,0.0,0.005,6.09,0
2024-12-19,152.0,34.14,,27.79,-152,1833,25.5,0.0,0.005,6.09,0
2024-12-20,113.0,34.38,280.0,27.79,167,2000,23.9,19.2,0.005,6.09,0
2024-12-21,50.0,32.9,,27.79,-50,1950,22.7,33.7,0.005,6.09,0
2024-12-22,,,,27.79,0,1950,23.5,5.0,0.005,6.13,0
2024-12-23,63.0,33.12,,27.79,-63,1887,24.4,1.3,0.005,6.13,0
2024-12-24,,,,27.79,0,1887,24.7,0.0,0.005,6.13,0
2024-12-25,,,,27.79,0,1887,23.9,12.2,0.005,6.13,1
2024-12-26,24.0,35.05,200.0,23.8,176,2063,21.9,22.7,0.005,6.13,0
2024-12-27,,,,23.8,0,2063,24.4,12.9,0.005,6.13,0
2024-12-28,16.0,34.13,,23.8,-16,2047,25.0,2.4,0.005,6.13,0
2024-12-29,,,,23.8,0,2047,23.0,1.4,0.005,6.12,0
2024-12-30,,,,23.8,0,82,23.7,0.2,0.005,6.12,0
2024-12-31,,,,23.8,0,82,24.7,0.0,0.005,6.12,0
2025-01-01,,,,23.8,0,82,24.7,4.3,0.0083,6.12,1
2025-01-02,154.0,33.43,200.0,23.74,46,128,24.5,2.9,0.0083,6.12,0
2025-01-03,74.0,33.27,,23.74,-74,54,24.5,9.9,0.0083,6.12,0
2025-01-04,6.0,34.77,280.0,27.79,274,328,23.6,5.8,0.0083,6.12,0
2025-01-05,,,,27.79,0,328,25.1,0.0,0.0083,6.14,0
2025-01-06,90.0,34.0,,27.79,-90,238,25.5,0.0,0.0083,6.14,0
2025-01-07,121.0,34.77,,27.79,-121,115,24.5,0.6,0.0083,6.14,0
2025-01-08,56.0,34.94,280.0,27.79,224,339,24.4,0.9,0.0083,6.14,0
2025-01-09,134.0,33.68,,27.79,-134,205,23.9,0.7,0.0083,6.14,0
2025-01-10,56.0,35.52,,27.79,-56,149,24.0,0.0,0.0083,6.14,0
2025-01-11,1.0,34.5,,27.79,-1,148,24.8,0.8,0.0083,6.14,0
2025-01-12,,,,27.79,0,148,24.0,8.0,0.0083,6.13,0
2025-01-13,168.0,32.81,240.0,23.74,72,220,24.0,0.4,0.0083,6.13,0
2025-01-14,186.0,32.38,,23.74,-186,34,23.6,0.0,0.0083,6.13,0
2025-01-15,81.0,33.69,280.0,27.79,199,233,23.8,1.6,0.0083,6.13,0
2025-01-16,14.0,33.7,,27.79,-14,219,23.1,35.2,0.0083,6.13,0
2025-01-17,51.0,34.1,,27.79,-51,168,22.8,30.7,0.0083,6.13,0
2025-01-18,28.0,33.3,,27.79,-28,140,25.3,1.5,0.0083,6.13,0
2025-01-19,,,,27.79,0,140,27.6,1.0,0.0083,6.17,0
2025-01-20,27.0,33.55,,27.79,-27,113,25.9,0.0,0.0083,6.17,0
2025-01-21,92.0,32.58,160.0,27.79,68,181,26.7,0.0,0.0083,6.17,0
2025-01-22,77.0,35.39,200.0,27.79,123,304,26.7,0.2,0.0083,6.17,0
2025-01-23,106.0,34.1,,27.79,-106,198,25.6,1.2,0.0083,6.17,0
2025-01-24,19.0,33.67,,27.79,-19,179,25.0,2.2,0.0083,6.17,0
2025-01-25,23.0,32.97,,27.79,-23,156,27.0,8.3,0.0083,6.17,0
2025-01-26,,,,27.79,0,156,26.1,7.8,0.0083,6.16,0
2025-01-27,30.0,31.47,280.0,27.79,250,406,24.6,11.4,0.0083,6.16,0
2025-01-28,114.0,32.91,,27.79,-114,292,23.5,7.0,0.0083,6.16,0
2025-01-29,107.0,32.18,,27.79,-107,185,24.3,6.8,0.0083,6.16,0
2025-01-30,115.0,33.67,280.0,23.43,165,350,24.0,8.7,0.0083,6.16,0
2025-01-31,33.0,31.29,,23.43,-33,317,23.2,36.6,0.0083,6.16,0
2025-02-01,,,,23.43,0,317,23.3,30.8,0.004,6.16,0
2025-02-02,,,,23.43,0,317,23.9,29.2,0.004,6.43,0
2025-02-03,42.0,33.58,200.0,27.79,158,475,23.1,17.0,0.004,6.43,0
2025-02-04,37.0,34.7,,27.79,-37,438,23.0,3.1,0.004,6.43,0
2025-02-05,266.0,32.48,,27.79,-266,172,23.8,3.6,0.004,6.43,0
2025-02-06,215.0,32.15,320.0,27.79,105,277,24.6,3.3,0.004,6.43,0
2025-02-07,94.0,34.13,,27.79,-94,183,24.9,12.3,0.004,6.43,0
2025-02-08,10.0,32.5,,27.79,-10,173,24.9,0.2,0.004,6.43,0
2025-02-09,,,,27.79,0,173,25.4,0.0,0.004,6.46,0
2025-02-10,68.0,33.33,,27.79,-68,105,24.1,8.9,0.004,6.46,0
2025-02-11,71.0,32.58,,27.79,-71,34,25.5,0.0,0.004,6.46,0
2025-02-12,98.0,32.47,375.0,27.33,277,311,23.5,4.1,0.004,6.46,0
2025-02-13,105.0,33.48,,27.33,-105,206,24.5,3.4,0.004,6.46,0
2025-02-14,46.0,33.22,,27.33,-46,160,24.0,6.3,0.004,6.46,0
2025-02-15,6.0,33.7,,27.33,-6,154,25.9,1.2,0.004,6.46,0
2025-02-16,,,,27.33,0,154,27.5,0.1,0.004,6.45,0
2025-02-17,29.0,32.83,240.0,24.89,211,365,27.5,0.0,0.004,6.45,0
2025-02-18,92.0,33.25,,24.89,-92,273,24.4,1.2,0.004,6.45,0
2025-02-19,80.0,31.0,,24.89,-80,193,25.7,0.9,0.004,6.45,0
2025-02-20,63.0,33.14,280.0,28.9,217,410,26.9,1.9,0.004,6.45,0
2025-02-21,59.0,33.76,,28.9,-59,351,26.5,2.8,0.004,6.45,0
2025-02-22,12.0,33.93,,28.9,-12,339,26.4,3.0,0.004,6.45,0
2025-02-23,,,,28.9,0,339,26.6,0.1,0.004,6.46,0
2025-02-24,102.0,33.92,280.0,28.9,178,517,26.8,0.0,0.004,6.46,0
2025-02-25,65.0,34.03,,28.9,-65,452,25.6,0.0,0.004,6.46,0
2025-02-26,85.0,35.51,320.0,28.9,235,687,25.8,0.5,0.004,6.46,0
2025-02-27,114.0,33.97,,28.9,-114,573,26.9,0.0,0.004,6.46,0
2025-02-28,69.0,33.85,,28.9,-69,504,27.6,0.5,0.004,6.46,0
2025-03-01,11.0,35.95,,28.9,-11,493,27.3,0.0,0.0039000000000000003,6.46,0
2025-03-02,,,,28.9,0,493,27.3,0.0,0.0039000000000000003,6.43,0
2025-03-03,41.0,34.68,280.0,24.95,239,732,27.6,0.0,0.0039000000000000003,6.43,0
2025-03-04,,,,24.95,0,732,25.5,0.2,0.0039000000000000003,6.43,0
2025-03-05,283.0,32.83,,24.95,-283,449,25.9,0.4,0.0039000000000000003,6.43,0
2025-03-06,91.0,33.22,,24.95,-91,358,26.5,0.0,0.0039000000000000003,6.43,0
2025-03-07,186.0,34.08,320.0,28.7,134,492,25.9,0.0,0.0039000000000000003,6.43,0
2025-03-08,24.0,34.82,,28.7,-24,468,26.4,0.0,0.0039000000000000003,6.43,0
2025-03-09,,,,28.7,0,468,27.8,0.0,0.0039000000000000003,6.45,0
2025-03-10,84.0,33.4,,28.7,-84,384,26.2,4.1,0.0039000000000000003,6.45,0
2025-03-11,133.0,35.09,,28.7,-133,251,24.5,4.6,0.0039000000000000003,6.45,0
2025-03-12,136.0,35.52,,28.7,-136,115,26.4,1.8,0.0039000000000000003,6.45,0
2025-03-13,83.0,34.63,280.0,29.5,197,312,26.1,0.0,0.0039000000000000003,6.45,0
2025-03-14,63.0,34.1,,29.5,-63,249,26.4,0.7,0.0039000000000000003,6.45,0
2025-03-15,,,80.0,29.5,80,329,25.8,,0.0039000000000000003,6.45,0
2025-03-16,,,,29.5,0,329,24.6,,0.0039000000000000003,6.46,0
2025-03-17,107.0,34.46,320.0,29.5,213,542,24.0,,0.0039000000000000003,6.46,0
2025-03-18,58.0,34.83,,29.5,-58,484,24.2,,0.0039000000000000003,6.46,0
2025-03-19,171.0,34.29,,29.5,-171,313,22.8,,0.0039000000000000003,6.46,0
2025-03-20,94.0,35.6,280.0,26.37,186,499,22.8,,0.0039000000000000003,6.46,0
2025-03-21,55.0,34.13,320.0,29.5,265,764,22.6,,0.0039000000000000003,6.46,0
2025-03-22,16.0,34.25,,29.5,-16,748,24.4,2.0,0.0039000000000000003,6.46,0
2025-03-23,,,,29.5,0,748,22.8,14.7,0.0039000000000000003,6.44,0
2025-03-24,95.0,34.77,,29.5,-95,653,23.5,3.2,0.0039000000000000003,6.44,0
2025-03-25,195.0,33.59,,29.5,-195,458,25.9,0.8,0.0039000000000000003,6.44,0
2025-03-26,31.0,33.17,,29.5,-31,427,23.3,8.2,0.0039000000000000003,6.44,0
2025-03-27,56.0,33.99,120.0,30.5,64,491,24.0,0.0,0.0039000000000000003,6.44,0
2025-03-28,9.0,36.57,,30.5,-9,482,24.2,0.3,0.0039000000000000003,6.44,0
2025-03-29,46.0,34.97,,30.5,-46,436,25.5,2.8,0.0039000000000000003,6.44,0
2025-03-30,,,,30.5,0,436,24.6,4.7,0.0039000000000000003,6.42,0
2025-03-31,49.0,34.1,,30.5,-49,387,22.5,3.7,0.0039000000000000003,6.42,0
2025-04-01,60.0,35.0,390.0,30.5,330,717,24.0,0.0,0.0052,6.42,0
2025-04-02,78.0,34.79,,30.5,-78,639,26.1,0.0,0.0052,6.42,0
2025-04-03,199.0,34.64,,30.5,-199,440,25.5,8.5,0.0052,6.42,0
2025-04-04,60.0,34.69,,30.5,-60,380,25.0,0.8,0.0052,6.42,0
2025-04-05,13.0,35.2,320.0,30.5,307,687,21.4,0.0,0.0052,6.42,0
2025-04-06,,,,30.5,0,687,21.2,0.0,0.0052,6.35,0
2025-04-07,164.0,35.64,,30.5,-164,523,22.0,0.0,0.0052,6.35,0
2025-04-08,340.0,35.77,,30.5,-340,183,23.0,0.0,0.0052,6.35,0
2025-04-09,221.0,33.97,90.0,32.0,-131,52,24.3,5.3,0.0052,6.35,0
2025-04-10,46.0,36.63,240.0,32.0,194,246,24.2,10.0,0.0052,6.35,0
2025-04-11,31.0,35.57,,32.0,-31,215,23.5,0.0,0.0052,6.35,0
2025-04-12,,,,32.0,0,215,23.1,0.0,0.0052,6.35,0
2025-04-13,,,,32.0,0,215,22.6,7.4,0.0052,6.34,0
2025-04-14,230.0,35.35,200.0,30.49,-30,185,23.3,0.6,0.0052,6.34,0
2025-04-15,130.0,35.76,220.0,30.49,90,275,21.4,13.8,0.0052,6.34,0
2025-04-16,148.0,34.72,200.0,30.49,52,327,21.1,10.7,0.0052,6.34,0
2025-04-17,21.0,35.23,,30.49,-21,306,23.0,,0.0052,6.34,0
2025-04-18,,,,30.49,0,306,22.8,,0.0052,6.34,1
2025-04-19,4.0,35.9,,30.49,-4,302,22.6,,0.0052,6.34,0
2025-04-20,,,,30.49,0,302,22.4,,0.0052,6.33,0
2025-04-21,,,,30.49,0,302,21.6,,0.0052,6.33,1
2025-04-22,93.0,35.68,200.0,30.49,107,409,20.6,,0.0052,6.33,0
2025-04-23,182.0,31.23,,30.49,-182,227,21.3,0.0,0.0052,6.33,0
2025-04-24,60.0,34.94,,30.49,-60,167,21.1,11.6,0.0052,6.33,0
2025-04-25,142.0,34.92,450.0,30.22,308,475,20.3,11.8,0.0052,6.33,0
2025-04-26,,,,30.22,0,475,21.6,1.6,0.0052,6.33,0
2025-04-27,,,,30.22,0,475,22.3,0.1,0.0052,6.29,0
2025-04-28,39.0,35.17,,30.22,-39,436,21.7,7.6,0.0052,6.29,0
2025-04-29,107.0,34.71,,30.22,-107,329,21.0,0.3,0.0052,6.29,0
2025-04-30,11.0,35.2,,30.22,-11,318,19.4,0.0,0.0052,6.29,0
