sell_value,sell_quantity_lag_7,rolling_std_sell_value,daily_balance,inventory_turnover,buy_quantity,inventory_lag_1,precipitation,incc_monthly_change,fuel_price_vs_buy_value,is_weekend,days_until_holiday,month,turnover_bin,lag_7_bin,sell_quantity_log
,,,0,,0.0,,0.1,,,False,0.0,1,0,0,0.0
32.1,,,117,0.9314285661061223,280.0,175.0,0.2,,,False,87.0,1,3,0,5.099866427824199
31.13,,,-215,0.7363013673414337,0.0,292.0,4.9,,0.0,False,86.0,1,3,0,5.375278407684165
,,,240,0.0,240.0,77.0,0.0,,0.018639972385226,False,85.0,1,0,0,0.0
35.5,,,185,0.1735015767397426,240.0,317.0,0.0,,0.0,False,84.0,1,2,0,4.02535169073515
33.5,,,-2,0.0039840637370835,0.0,502.0,0.0,,0.0,True,83.0,1,1,0,1.0986122886681098
,,,0,0.0,0.0,500.0,2.1,,0.0016556291390728,True,82.0,1,0,0,0.0
34.53,0.0,,-129,0.257999999484,0.0,500.0,0.0,,0.0,False,81.0,1,3,0,4.867534450455582
35.29,163.0,,156,0.2264150937293393,240.0,371.0,11.3,,0.0,False,80.0,1,2,3,4.442651256490317
34.92,215.0,0.380043857118281,-142,0.2694497148587292,0.0,527.0,1.7,,0.0,False,79.0,1,3,3,4.962844630259907
35.12,0.0,0.1852025917745392,93,0.3818181808264463,240.0,385.0,17.6,,0.0,False,78.0,1,3,0,4.997212273764115
32.63,55.0,1.3834859353579734,-164,0.3430962335918489,0.0,478.0,10.1,,0.0,False,77.0,1,3,1,5.10594547390058
34.2,2.0,1.2590604962960767,-12,0.0382165603878453,0.0,314.0,21.4,,0.0,True,76.0,1,1,0,2.5649493574615367
,0.0,,0,0.0,0.0,302.0,0.3,,-0.0033057851239668,True,75.0,1,0,0,0.0
33.45,129.0,,220,0.1986754960308758,280.0,302.0,0.7,,-0.0189940204009848,False,74.0,1,2,2,4.110873864173311
35.49,84.0,,-284,0.9272030633578484,200.0,522.0,0.4,,0.0172592336900241,False,73.0,1,3,1,6.184148890937483
28.43,142.0,3.6333088684191552,131,0.6260504175376033,280.0,238.0,0.5,,-0.0175623463294696,False,72.0,1,3,2,5.010635294096256
35.56,147.0,4.096449682346895,-95,0.2574525738280418,0.0,369.0,0.7,,0.0,False,71.0,1,3,2,4.564348191467836
32.45,164.0,3.574665485515152,72,0.759124084820715,280.0,274.0,13.9,,0.0,False,70.0,1,3,3,5.342334251964811
38.72,12.0,3.1350332268308416,-75,0.2167630051538641,0.0,346.0,8.1,,0.0,True,69.0,1,2,1,4.330733340286331
,0.0,,0,0.0,0.0,271.0,10.0,,-0.0082918739635157,True,68.0,1,0,0,0.0
35.06,60.0,,-75,0.7195571929167631,120.0,271.0,0.0,,0.0172592336900241,False,67.0,1,3,1,5.278114659230517
35.42,484.0,,91,0.7602040777540608,240.0,196.0,23.9,,0.0014049877063575,False,66.0,1,3,3,5.010635294096256
30.8,149.0,2.5697470692657696,19,0.7700348405225267,240.0,287.0,0.0,,0.0172353148083009,False,65.0,1,3,2,5.402677381872279
35.59,95.0,2.7177625601463697,-186,0.6078431352684865,0.0,306.0,0.6,,0.0,False,64.0,1,3,2,5.231108616854587
35.04,208.0,2.621202014343803,150,1.0833333243055556,280.0,120.0,0.3,,0.0461703650680029,False,63.0,1,3,3,4.875197323201151
33.85,75.0,0.8894005471852149,-45,0.1666666660493827,0.0,270.0,0.0,,0.0,True,62.0,1,2,1,3.828641396489095
,0.0,,0,0.0,0.0,225.0,1.5,,0.0,True,61.0,1,0,0,0.0
34.08,195.0,,-165,0.7333333300740741,0.0,225.0,0.1,,0.0,False,60.0,1,3,3,5.111987788356544
35.83,149.0,,92,2.6666666222222237,252.0,60.0,0.0,,-0.1504690431519699,False,59.0,1,3,2,5.081404364984463
34.99,221.0,0.8752333022305366,-165,1.0855263086478533,0.0,152.0,1.4,0.0,0.0,False,58.0,1,3,3,5.111987788356544
36.2,186.0,0.6200268811377406,-17,-19.769232289940945,240.0,-13.0,1.8,-0.0014,0.1314416177429876,False,57.0,2,0,3,5.552959584921617
32.28,130.0,2.0072618165052654,-61,-10.03333366777779,240.0,-30.0,8.4,-0.0014,0.0,False,56.0,2,0,2,5.71042701737487
34.5,45.0,1.9657398946283164,380,-0.219780222195387,400.0,-91.0,1.5,-0.0014,-0.0702215546376268,True,55.0,2,0,1,3.044522437723423
,0.0,,0,0.0,0.0,289.0,8.9,-0.0014,0.0066889632107021,True,54.0,2,0,0,0.0
36.11,165.0,,-265,0.9169550141281834,0.0,289.0,0.0,-0.0014,0.0,False,53.0,2,3,3,5.583496308781699
33.17,160.0,,-23,0.9583332934027794,0.0,24.0,0.9,-0.0014,0.0,False,52.0,2,3,3,3.1780538303479458
31.15,165.0,2.494179891935084,58,181.999818000182,240.0,1.0,6.1,-0.0014,0.0196491228070174,False,51.0,2,3,3,5.209486152841421
35.2,257.0,2.025002057612114,-56,0.9491525262855504,0.0,59.0,0.0,-0.0014,0.0,False,50.0,2,3,3,4.04305126783455
34.5,301.0,2.164678575062198,247,45.99998466667178,385.0,3.0,0.0,-0.0014,-0.0100214745884037,False,49.0,2,3,3,4.934473933130692
,20.0,,0,0.0,0.0,250.0,0.0,-0.0014,0.0,True,48.0,2,0,1,0.0
,0.0,,0,0.0,0.0,250.0,0.0,-0.0014,-0.0033222591362125,True,47.0,2,0,0,0.0
36.3,265.0,,-3,0.227999999088,54.0,250.0,0.5,-0.0014,-0.0099220411055989,False,46.0,2,2,3,4.060443010546419
,23.0,,0,0.0,0.0,247.0,0.4,-0.0014,0.0,False,45.0,2,0,1,0.0
35.27,182.0,,162,0.4777327915881263,280.0,247.0,20.1,-0.0014,0.0021052631578947,False,44.0,2,3,3,4.77912349311153
37.92,56.0,,-126,0.3080684589044781,0.0,409.0,18.0,-0.0014,0.0,False,43.0,2,3,1,4.844187086458591
36.14,138.0,1.350789892371621,-92,0.3250883380738928,0.0,283.0,13.3,-0.0014,0.0,False,42.0,2,3,2,4.532599493153256
,0.0,,0,0.0,0.0,191.0,1.4,-0.0014,0.0,True,41.0,2,0,0,0.0
,0.0,,0,0.0,0.0,191.0,0.3,-0.0014,0.0,True,40.0,2,0,0,0.0
35.33,57.0,,-45,1.492146589046353,240.0,191.0,1.4,-0.0014,0.0186357243319269,False,39.0,2,3,1,5.655991810819852
34.64,0.0,,110,0.8904109528054045,240.0,146.0,25.0,-0.0014,0.0,False,38.0,2,3,0,4.875197323201151
36.37,118.0,0.8708807802066427,-79,0.6210937475738526,80.0,256.0,5.1,-0.0014,-0.0713006091006807,False,37.0,2,3,2,5.075173815233827
35.85,126.0,0.8876373133211553,322,0.8926553621883878,480.0,177.0,5.0,-0.0014,0.0575250836120401,False,36.0,2,3,2,5.068904202220232
35.52,92.0,0.4285246006162698,-161,0.3226452899345786,0.0,499.0,5.9,-0.0014,0.0,False,35.0,2,3,2,5.087596335232384
,0.0,,0,0.0,0.0,338.0,4.0,-0.0014,0.0,True,34.0,2,0,0,0.0
,0.0,,0,0.0,0.0,338.0,0.5,-0.0014,0.0,True,33.0,2,0,0,0.0
35.09,285.0,,146,0.3964497029690837,280.0,338.0,0.4,-0.0014,-0.0092264017033356,False,32.0,2,3,3,4.90527477843843
37.71,130.0,,-127,0.2623966936727341,0.0,484.0,0.7,-0.0014,0.0,False,31.0,2,3,2,4.852030263919617
34.71,159.0,1.633442173244383,11,0.5294117632229363,200.0,357.0,0.5,-0.0014,0.0172292545710267,False,30.0,2,3,3,5.247024072160486
35.15,158.0,1.6200411517407003,77,0.6603260851621574,320.0,368.0,14.6,-0.0014,-0.069767441860465,False,29.0,2,3,3,5.497168225293202
33.73,161.0,0.7269112738154607,-35,0.078651685216513,0.0,445.0,7.9,9.999999999999984e-05,0.0,False,28.0,3,2,3,3.58351893845611
41.6,0.0,4.194357320655139,-20,0.0487804876859012,0.0,410.0,0.0,0.0015,0.0,True,27.0,3,1,0,3.044522437723423
,0.0,,0,0.0,0.0,390.0,0.0,0.0015,-0.0016666666666665,True,26.0,3,0,0,0.0
34.99,134.0,,0,0.5128205115055884,200.0,390.0,0.0,0.0015,0.0665551839464883,False,25.0,3,3,2,5.303304908059076
37.4,127.0,,181,0.2538461531952662,280.0,390.0,5.9,0.0015,-0.0189896094589752,False,24.0,3,3,2,4.605170185988092
34.86,189.0,1.4304195188824924,84,0.3432574424811603,280.0,571.0,1.7,0.0015,0.0,False,23.0,3,3,3,5.2832037287379885
35.63,243.0,1.3023952293114984,-68,0.2259541981283142,80.0,655.0,3.0,0.0015,0.0618846694796062,False,22.0,3,2,3,5.003946305945459
35.42,35.0,0.3980368492154483,29,0.3594548545835522,240.0,587.0,2.0,0.0015,-0.0101199400299849,False,21.0,3,3,1,5.356586274672012
35.57,20.0,0.10816653826404,-15,0.024350649311119,0.0,616.0,4.9,0.0015,0.0,True,20.0,3,1,1,2.772588722239781
,0.0,,0,0.0,0.0,601.0,1.8,0.0015,0.0,True,19.0,3,0,0,0.0
35.91,200.0,,20,0.3660565717702885,240.0,601.0,0.0,0.0015,0.0011131725417439,False,18.0,3,3,3,5.3981627015177525
35.77,99.0,,115,0.2657004826639284,280.0,621.0,0.0,0.0015,-0.0189450222882614,False,17.0,3,3,2,5.111987788356544
36.29,196.0,0.2690724809415156,-213,0.289402173519834,0.0,736.0,0.0,0.0015,0.0,False,16.0,3,3,3,5.365976015021851
36.21,148.0,0.2800000000000384,107,0.3307839381820575,280.0,523.0,0.0,0.0015,0.0,False,15.0,3,3,2,5.159055299214529
35.53,211.0,0.4176122603564466,138,0.2253968250390526,280.0,630.0,0.0,0.0015,0.0,False,14.0,3,2,3,4.962844630259907
33.98,15.0,1.1429348187889012,-81,0.1054687498626709,0.0,768.0,0.0,0.0015,0.0,True,13.0,3,2,1,4.406719247264253
,0.0,,0,0.0,0.0,687.0,13.2,0.0015,0.0033388981636059,True,12.0,3,0,0,0.0
35.83,220.0,,89,0.278020378052372,280.0,687.0,4.1,0.0015,0.0,False,11.0,3,3,3,5.2574953720277815
34.81,165.0,,54,0.896825393266566,280.0,252.0,9.3,0.0015,0.0,False,10.0,3,3,3,5.424950017481403
34.61,213.0,0.654318984390136,-180,0.5042016792599393,0.0,357.0,0.2,0.0015,0.0,False,9.0,3,3,3,5.198497031265826
34.66,173.0,0.1040832999733172,179,0.5706214657027036,280.0,177.0,12.1,0.0015,0.0,False,8.0,3,3,3,4.624972813284271
34.49,142.0,0.0873689494805389,-136,1.1685393225602827,280.0,356.0,8.1,0.0015,0.0,False,7.0,3,3,2,6.0330862217988015
34.7,81.0,0.1115048578911874,-8,0.0363636361983471,0.0,220.0,0.8,0.0015,0.0,True,6.0,3,1,1,2.19722457733622
,0.0,,0,0.0,0.0,212.0,29.3,0.0015,-0.0016638935108153,True,5.0,3,0,0,0.0
35.92,191.0,,-200,0.9433962219651122,0.0,212.0,0.3,0.0015,0.0,False,4.0,3,3,3,5.303304908059076
35.38,226.0,,102,14.833332097222328,280.0,12.0,2.8,0.0015,0.0,False,3.0,3,3,3,5.187385805840755
35.76,180.0,0.2773685875029144,152,1.1228070076946757,280.0,114.0,2.9,0.0015,0.0,False,2.0,3,3,3,4.859812404361672
34.12,101.0,0.8584482123770505,-150,0.5639097723161287,0.0,266.0,4.9,0.0015,0.0,False,1.0,3,3,2,5.017279836814924
,416.0,,0,0.0,0.0,116.0,0.8,0.0015,0.0,False,0.0,3,0,3,0.0
37.2,8.0,,-8,0.068965516646849,0.0,116.0,0.0,0.0015,0.0,True,22.0,3,1,1,2.19722457733622
,0.0,,0,0.0,0.0,108.0,0.0,0.0,-0.0033333333333332,True,21.0,3,0,0,0.0
36.61,200.0,,45,1.805555538837449,240.0,108.0,0.1,0.0024,-0.0273423259205249,False,20.0,4,3,3,5.278114659230517
36.97,178.0,,112,1.0980392085095476,280.0,153.0,2.6,0.0024,-0.0163236337828247,False,19.0,4,3,3,5.1298987149230735
32.66,128.0,2.3912409609517358,106,0.5056603754503383,240.0,265.0,0.0,0.0024,0.0160614525139665,False,18.0,4,3,2,4.90527477843843
35.66,150.0,2.209532378883225,-226,0.6091644188432226,0.0,371.0,0.0,0.0024,0.0,False,17.0,4,3,2,5.424950017481403
35.53,0.0,1.695769245308263,169,0.7655172360998811,280.0,145.0,0.0,0.0024,-0.0163236337828247,False,16.0,4,3,0,4.718498871295094
36.9,8.0,0.7562407024222261,-4,0.0127388534626151,0.0,314.0,0.0,0.0024,0.0,True,15.0,4,1,1,1.6094379124341005
,0.0,,0,0.0,0.0,310.0,0.0,0.0024,0.0,True,14.0,4,0,0,0.0
36.9,195.0,,157,0.3967741922684703,280.0,310.0,4.1,0.0024,0.0,False,13.0,4,3,3,4.820281565605037
37.34,168.0,,-169,0.3618843675334381,0.0,467.0,3.2,0.0024,0.0,False,12.0,4,3,3,5.135798437050262
34.95,134.0,1.2720193918857534,85,0.5201342264425026,240.0,298.0,1.8,0.0024,0.0160614525139665,False,11.0,4,3,2,5.049856007249537
35.78,226.0,1.2134386401188106,-250,0.6527415126560274,0.0,383.0,0.5,0.0024,0.0,False,10.0,4,3,3,5.525452939131784
34.61,111.0,0.601858233584411,152,0.9624060078014586,280.0,133.0,0.0,0.0024,-0.0163236337828247,False,9.0,4,3,2,4.859812404361672
37.47,4.0,1.4378572019965616,-36,0.1263157890304709,0.0,285.0,2.7,0.0024,0.0,True,8.0,4,2,0,3.610917912644224
,0.0,,0,0.0,0.0,249.0,9.3,0.0024,0.0016722408026754,True,7.0,4,0,0,0.0
35.61,123.0,,-16,1.028112445670231,240.0,249.0,0.3,0.0024,0.0160614525139665,False,6.0,4,3,2,5.54907608489522
35.69,169.0,,218,0.2660944194588222,280.0,233.0,0.0,0.0024,-0.0163236337828247,False,5.0,4,3,3,4.143134726391533
36.04,155.0,0.2286919325206761,-60,0.1330376937183199,0.0,451.0,7.3,0.0024,0.0,False,4.0,4,2,3,4.110873864173311
35.53,250.0,0.260832002126606,121,0.4066496153282619,280.0,391.0,0.0,0.0024,0.0,False,3.0,4,3,3,5.075173815233827
32.68,128.0,1.81071808959871,-220,0.4296874991607666,0.0,512.0,0.0,0.0024,0.0,False,2.0,4,3,2,5.3981627015177525
34.9,36.0,1.497097191233751,-2,0.0068493150450365,0.0,292.0,0.0,0.0024,0.0,True,1.0,4,1,1,1.0986122886681098
,0.0,,0,0.0,0.0,290.0,0.0,0.0024,0.0016694490818029,True,0.0,4,0,0,0.0
,256.0,,520,0.0,520.0,290.0,0.0,0.0024,0.0080307262569832,False,9.0,4,0,3,0.0
34.95,62.0,,-145,0.1790123454580094,0.0,810.0,0.0,0.0024,0.0,False,8.0,4,2,1,4.983606621708336
34.46,60.0,,4,0.3548872175114478,240.0,665.0,0.0,0.0024,0.00809574093629,False,7.0,4,3,1,5.468060141135132
35.44,159.0,0.4900000000000002,52,0.2810164420313655,240.0,669.0,0.0,0.0024,0.0,False,6.0,4,3,3,5.241747015059643
35.17,220.0,0.5061949558552865,-41,0.0568654645535846,0.0,721.0,0.0,0.0024,0.0,False,5.0,4,1,3,3.737669618283368
41.6,2.0,3.6369263579750113,-1,0.0014705882331314,0.0,680.0,0.0,0.0024,0.0,True,4.0,4,0,0,0.6931471805599453
,0.0,,0,0.0,0.0,679.0,0.0,0.0024,-0.0016666666666665,True,3.0,4,0,0,0.0
35.36,0.0,,223,0.0839469807305641,280.0,679.0,0.0,0.0024,0.0053229240596166,False,2.0,4,2,0,4.060443010546419
35.79,145.0,,-118,0.1308203989680483,0.0,902.0,0.0,0.0024,0.0,False,1.0,4,2,2,4.77912349311153
,236.0,,0,0.0,0.0,784.0,0.0,0.0034,0.0,False,0.0,5,0,3,0.0
36.26,188.0,,104,0.2244897956320283,280.0,784.0,0.0,0.0034,0.0,False,68.0,5,2,3,5.176149732573829
34.94,41.0,,-120,0.1351351349829559,0.0,888.0,0.0,0.0034,0.0,False,67.0,5,2,1,4.795790545596741
33.95,1.0,1.158921912813798,-7,0.0091145833214653,0.0,768.0,0.0,0.0034,0.0,True,66.0,5,1,0,2.079441541679836
,0.0,,0,0.0,0.0,761.0,0.0,0.0034,0.0,True,65.0,5,0,0,0.0
35.66,57.0,,86,0.2549277263404366,280.0,761.0,0.0,0.0034,-0.0631466286122011,False,64.0,5,3,1,5.272999558563747
35.83,118.0,,170,0.1298701297168003,280.0,847.0,0.0,0.0034,0.0,False,63.0,5,2,2,4.709530201312334
35.95,0.0,0.1457166199626699,119,0.1583087510734427,280.0,1017.0,0.0,0.0034,0.0,False,62.0,5,2,0,5.087596335232384
35.54,176.0,0.2107921567168567,-118,0.103873239345182,0.0,1136.0,0.0,0.0034,0.0,False,61.0,5,2,3,4.77912349311153
34.94,120.0,0.5079698153762087,101,0.1365422395515302,240.0,1018.0,0.0,0.0034,0.0909395973154362,False,60.0,5,2,2,4.941642422609304
34.27,7.0,0.6353214409519966,-37,0.0330652367890391,0.0,1119.0,0.0,0.0034,0.0,True,59.0,5,1,1,3.6375861597263857
,0.0,,0,0.0,0.0,1082.0,0.0,0.0034,0.0,True,58.0,5,0,0,0.0
35.41,194.0,,-203,0.1876155266288211,0.0,1082.0,0.0,0.0034,0.0,False,57.0,5,2,3,5.318119993844216
36.0,110.0,,336,0.2548350395280602,560.0,879.0,0.2,0.0034,-0.0162421557770395,False,56.0,5,3,2,5.41610040220442
37.19,161.0,0.906697303403965,-123,0.1012345678179139,0.0,1215.0,0.0,0.0034,0.0,False,55.0,5,2,3,4.820281565605037
35.03,118.0,1.081865672499755,-84,0.0769230768526345,0.0,1092.0,0.0,0.0034,0.0,False,54.0,5,2,2,4.442651256490317
34.49,139.0,1.4287057079748786,-207,0.2053571426534155,0.0,1008.0,0.0,0.0034,0.0,False,53.0,5,2,2,5.337538079701318
41.6,37.0,3.9582950875345366,-1,0.001248439449128,0.0,801.0,0.0,0.0034,0.0,True,52.0,5,0,1,0.6931471805599453
,0.0,,0,0.0,0.0,800.0,0.0,0.0034,-0.0033388981636061,True,51.0,5,0,0,0.0
36.27,203.0,,-133,0.1662499997921875,0.0,800.0,0.0,0.0034,0.0,False,50.0,5,2,3,4.897839799950911
34.59,224.0,,191,0.1334332831582709,280.0,667.0,0.0,0.0034,-0.04322557210316,False,49.0,5,2,3,4.499809670330265
35.84,123.0,0.8727160668472519,-140,0.1631701629799881,0.0,858.0,0.0,0.0034,0.0,False,48.0,5,2,2,4.948759890378168
34.17,84.0,0.8686963412685239,-53,0.0738161558860499,0.0,718.0,0.0,0.0034,0.0,False,47.0,5,2,1,3.9889840465642745
36.72,207.0,1.295234856438528,-78,0.1172932329063259,0.0,665.0,0.2,0.0034,0.0,False,46.0,5,2,3,4.3694478524670215
34.5,1.0,1.386830919759144,-8,0.0136286200789972,0.0,587.0,1.4,0.0034,0.0,True,45.0,5,1,0,2.19722457733622
,0.0,,0,0.0,0.0,579.0,16.1,0.0034,0.0016750418760469,True,44.0,5,0,0,0.0
36.48,133.0,,352,0.2901554399133758,520.0,579.0,5.4,0.0034,0.0080083565459609,False,43.0,5,3,2,5.1298987149230735
34.79,89.0,,-89,0.095596133087437,0.0,931.0,0.0,0.0034,0.0,False,42.0,5,2,2,4.499809670330265
32.79,140.0,1.8471690050813736,97,1.2708333245081018,280.0,144.0,0.0,0.0034,-0.008073008073008,False,41.0,5,3,2,5.214935757608986
,53.0,,0,0.0,0.0,241.0,0.0,0.0034,0.0,False,40.0,5,0,1,0.0
37.23,78.0,,-89,0.3692946042767859,0.0,241.0,0.0,0.0,0.0,False,39.0,5,3,1,4.499809670330265
35.9,8.0,,-3,0.0197368419754155,0.0,152.0,0.0,-0.0015000000000001,0.0,True,38.0,6,1,1,1.3862943611198906
,0.0,,0,0.0,0.0,149.0,0.0,-0.0015000000000001,-0.0033444816053512,True,37.0,6,0,0,0.0
36.57,168.0,,100,0.9395973091302194,240.0,149.0,0.0,-0.0015000000000001,0.0160167130919218,False,36.0,6,3,3,4.948759890378168
35.08,89.0,,-183,0.7349397560845793,0.0,249.0,0.0,-0.0015000000000001,0.0,False,35.0,6,3,2,5.214935757608986
35.4,183.0,0.784368110859517,585,0.8333333207070709,640.0,66.0,0.0,-0.0015000000000001,-0.0049539985845716,False,34.0,6,3,3,4.02535169073515
35.52,0.0,0.2274496281230547,-146,0.22427035295811,0.0,651.0,0.0,-0.0015000000000001,0.0,False,33.0,6,2,0,4.990432586778736
35.35,89.0,0.0873689494804559,-125,0.2475247519850995,0.0,505.0,0.0,-0.0015000000000001,0.0,False,32.0,6,2,2,4.836281906951478
34.4,3.0,0.6035726965328772,-27,0.0710526313919667,0.0,380.0,0.0,-0.0015000000000001,0.0,True,31.0,6,2,0,3.332204510175204
,0.0,,0,0.0,0.0,353.0,0.0,-0.0015000000000001,0.0067114093959732,True,30.0,6,0,0,0.0
37.47,140.0,,-45,0.1274787531799468,0.0,353.0,0.0,-0.0015000000000001,0.0,False,29.0,6,2,2,3.828641396489095
31.59,183.0,,204,0.2467532459520998,280.0,308.0,0.0,-0.0015000000000001,-0.0112676056338028,False,28.0,6,2,3,4.343805421853684
36.76,55.0,3.2095534476517606,126,0.3007812494125366,280.0,512.0,0.0,-0.0015000000000001,0.0,False,27.0,6,3,1,5.043425116919247
35.64,146.0,2.719859064976211,-105,0.1645768022498796,0.0,638.0,0.0,-0.0015000000000001,0.0,False,26.0,6,2,2,4.663439094112067
34.92,125.0,0.9272180613714,220,0.112570356261594,280.0,533.0,0.0,-0.0015000000000001,0.0,False,25.0,6,2,2,4.110873864173311
35.7,27.0,0.4340506882841981,-11,0.0146082337123396,0.0,753.0,0.0,-0.0015000000000001,0.0,True,24.0,6,1,1,2.4849066497880004
,0.0,,0,0.0,0.0,742.0,0.0,-0.0015000000000001,0.0,True,23.0,6,0,0,0.0
35.9,45.0,,-175,0.2358490562859177,0.0,742.0,0.0,-0.0015000000000001,0.0,False,22.0,6,2,1,5.170483995038151
36.78,76.0,,30,0.299823632628177,200.0,567.0,0.0,-0.0015000000000001,0.0160167130919218,False,21.0,6,3,1,5.14166355650266
36.81,154.0,0.5169461609620356,-188,0.3149078721693335,0.0,597.0,0.0,-0.0015000000000001,0.0,False,20.0,6,3,3,5.241747015059643
35.87,105.0,0.5342596122985417,169,0.1735941316049043,240.0,409.0,0.0,-0.0015000000000001,0.0,False,19.0,6,2,2,4.276666119016055
36.34,60.0,0.4700000000000501,314,0.4256055355958382,560.0,578.0,0.0,-0.0015000000000001,-0.0934182590233545,False,18.0,6,3,1,5.5093883366279774
,11.0,,0,0.0,0.0,892.0,0.0,-0.0015000000000001,0.0,True,17.0,6,0,1,0.0
,0.0,,0,0.0,0.0,892.0,0.0,-0.0015000000000001,-0.0016666666666665,True,16.0,6,0,0,0.0
36.26,175.0,,-172,0.1928251118914516,0.0,892.0,0.0,-0.0015000000000001,0.0,False,15.0,6,2,3,5.153291594497779
36.9,170.0,,-88,0.1222222220524691,0.0,720.0,0.0,-0.0015000000000001,0.0,False,14.0,6,2,3,4.48863636973214
37.01,188.0,0.4050102879351757,92,0.2974683539597019,280.0,632.0,0.0,-0.0015000000000001,0.0705501618122976,False,13.0,6,3,3,5.241747015059643
36.32,71.0,0.370720020140987,62,0.1906077345433595,200.0,724.0,0.0,-0.0015000000000001,0.0160167130919218,False,12.0,6,2,1,4.934473933130692
35.8,246.0,0.6069870948655622,137,0.1310432568307337,240.0,786.0,0.0,-0.0015000000000001,0.0,False,11.0,6,2,3,4.6443908991413725
36.23,0.0,0.2779088579612675,-15,0.0162513542619161,0.0,923.0,0.0,-0.0015000000000001,0.0,True,10.0,6,1,0,2.772588722239781
,0.0,,0,0.0,0.0,908.0,2.8,-0.0015000000000001,0.0,True,9.0,6,0,0,0.0
36.18,172.0,,77,0.1795154183044984,240.0,908.0,5.2,0.0001000000000001,0.0,False,8.0,7,2,3,5.099866427824199
32.05,88.0,,-182,0.1847715734164755,0.0,985.0,0.0,0.0001000000000001,0.0,False,7.0,7,2,1,5.209486152841421
37.44,188.0,2.8194739462058056,195,0.1058530509267085,280.0,803.0,0.0,0.0001000000000001,-0.0162774239207359,False,6.0,7,2,3,4.454347296253507
36.8,138.0,2.9446052366998208,-165,0.1653306611569833,0.0,998.0,0.0,0.0001000000000001,0.0,False,5.0,7,2,2,5.111987788356544
36.69,103.0,0.4050102879352096,-140,0.1680672266889949,0.0,833.0,0.0,0.0001000000000001,0.0,False,4.0,7,2,2,4.948759890378168
38.9,15.0,1.2454048873090922,198,0.0028860028818383,200.0,693.0,0.0,0.0001000000000001,0.0160167130919218,True,3.0,7,1,1,1.0986122886681098
,0.0,,0,0.0,0.0,891.0,0.0,0.0001000000000001,0.0033388981636059,True,2.0,7,0,0,0.0
40.1,163.0,,-35,0.0392817059042854,0.0,891.0,5.0,0.0001000000000001,0.0,False,1.0,7,1,3,3.58351893845611
,182.0,,0,0.0,0.0,856.0,26.3,0.0001000000000001,0.0,False,0.0,7,0,3,0.0
36.24,85.0,,189,0.1063084110907612,280.0,856.0,2.0,0.0001000000000001,-0.1358811040339702,False,22.0,7,2,1,4.5217885770490405
36.13,165.0,,-249,0.2382775117337057,0.0,1045.0,0.0,0.0001000000000001,0.0,False,21.0,7,2,3,5.521460917862246
36.94,140.0,0.4393555887129761,-41,0.1444723616275472,74.0,796.0,0.0,0.0001000000000001,0.0,False,20.0,7,2,2,4.7535901911063645
36.5,2.0,0.4055038018728407,-20,0.0264900661900793,0.0,755.0,0.0,0.0001000000000001,0.0,True,19.0,7,1,0,3.044522437723423
,0.0,,0,0.0,0.0,735.0,0.0,0.0001000000000001,0.0033277870216306,True,18.0,7,0,0,0.0
36.27,35.0,,-103,0.1401360542311074,0.0,735.0,0.0,0.0001000000000001,0.0,False,17.0,7,2,1,4.6443908991413725
34.9,0.0,,-30,0.0474683543552715,0.0,632.0,0.0,0.0001000000000001,0.0,False,16.0,7,1,0,3.4339872044851463
36.94,91.0,1.0398237030061,125,0.2574750826287789,280.0,602.0,0.0,0.0001000000000001,0.0682242990654206,False,15.0,7,3,2,5.049856007249537
35.6,249.0,1.0365969965870592,-125,0.5020632730370519,240.0,727.0,0.0,0.0001000000000001,0.0123704446673353,False,14.0,7,3,3,5.902633333401366
36.98,115.0,0.7854510381515345,147,0.3538205974189026,360.0,602.0,0.0,0.0001000000000001,-0.0125253893026404,False,13.0,7,3,2,5.365976015021851
33.9,20.0,1.5427680750304975,-2,0.0026702269657273,0.0,749.0,0.0,0.0001000000000001,0.0,True,12.0,7,0,1,1.0986122886681098
,0.0,,0,0.0,0.0,747.0,0.0,0.0001000000000001,0.0033167495854062,True,11.0,7,0,0,0.0
37.16,103.0,,88,0.1499330653950026,200.0,747.0,0.0,0.0001000000000001,0.0123704446673353,False,10.0,7,2,2,4.727387818712341
35.84,30.0,,-277,0.3317365265488185,0.0,835.0,0.0,0.0001000000000001,0.0,False,9.0,7,3,1,5.627621113690637
35.24,155.0,0.98224233262468,-103,0.6146953394001876,240.0,558.0,0.0,0.0001000000000001,0.0599187542315504,False,8.0,7,3,3,5.840641657373398
35.6,365.0,0.3019933774107731,58,0.3999999991208791,240.0,455.0,0.0,0.0001000000000001,0.0,False,7.0,7,3,3,5.209486152841421
35.4,213.0,0.1803699901128092,218,0.1208576995694781,280.0,513.0,0.0,0.0001000000000001,-0.0129636298163484,False,6.0,7,2,3,4.143134726391533
36.62,2.0,0.6543189843901118,-46,0.0629274964939432,0.0,731.0,0.0,0.0001000000000001,0.0,True,5.0,7,1,0,3.8501476017100575
,0.0,,0,0.0,0.0,685.0,0.0,0.0001000000000001,-0.0016528925619834,True,4.0,7,0,0,0.0
35.57,112.0,,-32,0.0467153283989557,0.0,685.0,0.0,0.0001000000000001,0.0,False,3.0,7,1,2,3.49650756146648
36.17,277.0,,-193,0.2955589581997566,0.0,653.0,0.7,0.0001000000000001,0.0,False,2.0,7,3,3,5.267858159063328
36.41,343.0,0.4326661530556602,311,0.2804347819990548,440.0,460.0,0.0,0.0,-0.0423035904728048,False,1.0,7,3,3,4.867534450455582
35.9,182.0,0.2551470164434413,-20,0.0259403371907388,0.0,771.0,0.0,-0.0002,0.0,False,0.0,8,1,3,3.044522437723423
35.97,62.0,0.2764657905298942,110,0.226364846569421,280.0,751.0,0.0,-0.0002,0.0405866302864939,False,36.0,8,2,1,5.14166355650266
35.92,46.0,0.0360555127543345,-28,0.0325203251654816,0.0,861.0,0.0,-0.0002,0.0,True,35.0,8,1,1,3.367295829986474
,0.0,,0,0.0,0.0,833.0,0.0,-0.0002,-0.0016556291390728,True,34.0,8,0,0,0.0
35.71,32.0,,-252,0.3025210080401909,0.0,833.0,0.0,-0.0002,0.0,False,33.0,8,3,1,5.53338948872752
35.33,193.0,,255,0.1807228912552101,360.0,581.0,0.0,-0.0002,-0.0423035904728048,False,32.0,8,2,3,4.663439094112067
35.89,129.0,0.2858904218984976,168,0.2775119613905359,400.0,836.0,0.0,-0.0002,0.0467257844474761,False,31.0,8,3,2,5.4510384535657
35.8,20.0,0.3007213549671875,-105,0.1045816732026078,0.0,1004.0,0.0,-0.0002,0.0,False,30.0,8,2,1,4.663439094112067
37.1,170.0,0.7259706146486377,-18,0.0200222469187739,0.0,899.0,15.0,-0.0002,0.0,False,29.0,8,1,3,2.9444389791664403
,28.0,,0,0.0,0.0,881.0,1.6,-0.0002,0.0,True,28.0,8,0,1,0.0
,0.0,,0,0.0,0.0,881.0,0.0,-0.0002,-0.0033167495854063,True,27.0,8,0,0,0.0
36.28,252.0,,280,0.2270147557014588,480.0,881.0,0.0,-0.0002,0.0246869409660106,False,26.0,8,2,3,5.303304908059076
35.01,105.0,,135,0.1248923340870866,280.0,1161.0,0.0,-0.0002,-0.1188554658840792,False,25.0,8,2,2,4.983606621708336
35.73,232.0,0.6368935023481814,-229,0.1766975307278568,0.0,1296.0,0.0,-0.0002,0.0,False,24.0,8,2,3,5.438079308923196
36.33,105.0,0.6609084656743307,54,0.2118088095484453,280.0,1067.0,0.0,-0.0002,0.100655737704918,False,23.0,8,2,2,5.424950017481403
35.83,18.0,0.3214550253664274,91,0.1329170382400383,240.0,1121.0,0.0,-0.0002,0.0302588406853808,False,22.0,8,2,1,5.010635294096256
39.37,0.0,1.9158635998769151,-31,0.0255775577346719,0.0,1212.0,0.0,-0.0002,0.0,True,21.0,8,1,0,3.4657359027997265
,0.0,,0,0.0,0.0,1181.0,0.0,-0.0002,0.0033277870216306,True,20.0,8,0,0,0.0
35.76,200.0,,6,0.2320067737239569,280.0,1181.0,0.0,-0.0002,-0.0124060150375939,False,19.0,8,2,3,5.616771097666572
36.35,145.0,,136,0.1213142374715128,280.0,1187.0,0.0,-0.0002,0.0,False,18.0,8,2,2,4.976733742420574
36.42,229.0,0.3625373543972327,-149,0.1126228268234143,0.0,1323.0,0.0,-0.0002,0.0,False,17.0,8,2,3,5.010635294096256
35.3,226.0,0.6274020507882854,-132,0.112436115747499,0.0,1174.0,0.0,-0.0002,0.0,False,16.0,8,2,3,4.890349128221754
35.6,149.0,0.579770069366594,-67,0.0642994241225533,0.0,1042.0,0.0,-0.0002,0.0,False,15.0,8,1,2,4.219507705176107
34.9,31.0,0.3511884584284422,-3,0.0030769230737672,0.0,975.0,2.2,-0.0002,0.0,True,14.0,8,1,1,1.3862943611198906
,0.0,,0,0.0,0.0,972.0,2.5,-0.0002,0.0,True,13.0,8,0,0,0.0
35.36,274.0,,107,0.0956790122472438,200.0,972.0,0.0,-0.0002,0.0122539918306719,False,12.0,8,2,3,4.543294782270004
35.54,144.0,,431,0.1195551435407273,560.0,1079.0,0.0,-0.0002,-0.1165413533834585,False,11.0,8,2,2,4.867534450455582
36.08,149.0,0.3746998799039247,-91,0.0602649006223411,0.0,1510.0,0.0,-0.0002,0.0,False,10.0,8,1,2,4.5217885770490405
33.19,132.0,1.536565434120312,-297,0.2093023254338954,0.0,1419.0,0.0,-0.0002,0.0,False,9.0,8,2,2,5.697093486505405
35.68,67.0,1.565896974048211,248,0.2067736183540341,480.0,1122.0,0.0,-0.0002,0.1043771043771043,False,8.0,8,2,1,5.4510384535657
35.7,3.0,1.4434103135745378,-11,0.0082706766855107,0.0,1330.0,0.0,0.0,0.0,True,7.0,8,1,0,2.4849066497880004
,0.0,,0,0.0,0.0,1319.0,0.0,-0.0011999999999999,0.0,True,6.0,9,0,0,0.0
35.65,93.0,,-123,0.0932524639171702,0.0,1319.0,0.0,-0.0011999999999999,0.0,False,5.0,9,2,2,4.820281565605037
,129.0,,248,0.0,248.0,1196.0,0.0,-0.0011999999999999,-0.0902255639097744,False,4.0,9,0,2,0.0
36.22,91.0,,-90,0.0623268697629315,0.0,1444.0,0.0,-0.0011999999999999,0.0,False,3.0,9,1,2,4.51085950651685
35.25,297.0,,-219,0.1617429836323907,0.0,1354.0,0.0,-0.0011999999999999,0.0,False,2.0,9,2,3,5.393627546352362
,232.0,,480,0.0,480.0,1135.0,0.0,-0.0011999999999999,0.0827586206896551,False,1.0,9,0,3,0.0
,11.0,,0,0.0,0.0,1615.0,0.0,-0.0011999999999999,0.0,True,0.0,9,0,1,0.0
,0.0,,0,0.0,0.0,1615.0,0.0,-0.0011999999999999,-0.0016583747927032,True,34.0,9,0,0,0.0
36.09,123.0,,-102,0.063157894697735,0.0,1615.0,0.0,-0.0011999999999999,0.0,False,33.0,9,1,2,4.634728988229636
32.13,0.0,,-129,0.0852610706640706,0.0,1513.0,0.0,-0.0011999999999999,0.0,False,32.0,9,2,0,4.867534450455582
36.32,90.0,2.355511267927481,-108,0.0780346820245414,0.0,1384.0,0.0,-0.0011999999999999,0.0,False,31.0,9,2,2,4.691347882229144
35.23,219.0,2.173867521262505,21,0.1716300939093807,240.0,1276.0,0.0,-0.0011999999999999,-0.0413533834586465,False,30.0,9,2,3,5.393627546352362
35.45,0.0,0.5763968540279747,-49,0.0377794911042563,0.0,1297.0,0.0,-0.0011999999999999,0.0,False,29.0,9,1,0,3.912023005428146
34.95,0.0,0.2505992817228518,-18,0.0144230769115199,0.0,1248.0,0.0,-0.0011999999999999,0.0,True,28.0,9,1,0,2.9444389791664403
,0.0,,0,0.0,0.0,1230.0,0.3,-0.0011999999999999,0.0016611295681063,True,27.0,9,0,0,0.0
35.13,102.0,,-118,0.0959349592715975,0.0,1230.0,19.1,-0.0011999999999999,0.0,False,26.0,9,2,2,4.77912349311153
34.99,129.0,,383,0.1591726617273627,560.0,1112.0,0.0,-0.0011999999999999,-0.0025270758122744,False,25.0,9,2,2,5.181783550292085
35.79,108.0,0.4272391992003315,104,0.1177257524296148,280.0,1495.0,0.0,-0.0011999999999999,0.0,False,24.0,9,2,2,5.176149732573829
35.4,219.0,0.4000416644967632,-95,0.0594121325457084,0.0,1599.0,0.0,-0.0011999999999999,0.0,False,23.0,9,1,3,4.564348191467836
35.67,49.0,0.1997498435544061,-104,0.069148936124236,0.0,1504.0,0.0,-0.0011999999999999,0.0,False,22.0,9,1,1,4.653960350157523
,18.0,,0,0.0,0.0,1400.0,0.0,-0.0011999999999999,0.0,True,21.0,9,0,1,0.0
,0.0,,0,0.0,0.0,1400.0,0.0,-0.0011999999999999,-0.0033167495854063,True,20.0,9,0,0,0.0
,118.0,,0,0.0,0.0,1400.0,0.0,-0.0011999999999999,0.0,False,19.0,9,0,2,0.0
35.0,177.0,,-2,0.001428571427551,0.0,1400.0,0.0,-0.0011999999999999,0.0,False,18.0,9,0,3,1.0986122886681098
,176.0,,0,0.0,0.0,1398.0,0.0,-0.0011999999999999,0.0,False,17.0,9,0,3,0.0
,95.0,,0,0.0,0.0,1398.0,0.0,-0.0011999999999999,0.0,False,16.0,9,0,2,0.0
,104.0,,0,0.0,0.0,1398.0,2.5,-0.0011999999999999,0.0,False,15.0,9,0,2,0.0
,0.0,,0,0.0,0.0,1398.0,0.0,-0.0011999999999999,0.0,True,14.0,9,0,0,0.0
,0.0,,0,0.0,0.0,1398.0,0.0,-0.0011999999999999,0.0033277870216306,True,13.0,9,0,0,0.0
36.23,0.0,,250,0.0214592274524612,280.0,1398.0,0.0,-0.0011999999999999,-0.0424918977313648,False,12.0,9,1,0,3.4339872044851463
35.91,2.0,,205,0.0455097087102489,280.0,1648.0,0.0,0.001,0.0075993091537132,False,11.0,10,1,0,4.330733340286331
36.71,0.0,0.4026578365477757,-120,0.0647598488587372,0.0,1853.0,0.0,0.001,0.0,False,10.0,10,1,0,4.795790545596741
36.27,0.0,0.4006661120351147,-27,0.0155799192062435,0.0,1733.0,0.2,0.001,0.0,False,9.0,10,1,0,3.332204510175204
37.53,0.0,0.6394789545663982,-86,0.0504103165003456,0.0,1706.0,0.0,0.001,0.0,False,8.0,10,1,0,4.465908118654584
35.9,0.0,0.8545369116271881,-15,0.0092592592535436,0.0,1620.0,0.0,0.001,0.0,True,7.0,10,1,0,2.772588722239781
,0.0,,0,0.0,0.0,1605.0,0.0,0.001,-0.0016583747927032,True,6.0,10,0,0,0.0
35.91,30.0,,110,0.0809968846847371,240.0,1605.0,0.0,0.001,-0.0052210233205707,False,5.0,10,2,1,4.875197323201151
36.57,75.0,,-88,0.0513119533228501,0.0,1715.0,0.0,0.001,0.0,False,4.0,10,1,1,4.48863636973214
36.23,120.0,0.3300505011862961,128,0.068838352754248,240.0,1627.0,0.4,0.001,0.0,False,3.0,10,1,2,4.727387818712341
36.5,27.0,0.179536440126588,-64,0.0364672364464574,0.0,1755.0,14.9,0.001,0.0,False,2.0,10,1,1,4.174387269895637
37.7,86.0,0.7824960063795869,178,0.0366646954247991,240.0,1691.0,8.0,0.001,0.0,False,1.0,10,1,1,4.143134726391533
,15.0,,0,0.0,0.0,1869.0,0.2,0.001,0.0,True,0.0,10,0,1,0.0
,0.0,,0,0.0,0.0,1869.0,0.0,0.001,0.0,True,20.0,10,0,0,0.0
36.26,130.0,,-3,0.1514178704379786,280.0,1869.0,0.0,0.001,-0.0024238227146815,False,19.0,10,2,2,5.648974238161206
36.84,88.0,,-68,0.0364415862612853,0.0,1866.0,6.2,0.001,0.0,False,18.0,10,1,1,4.23410650459726
36.02,112.0,0.4215843134336647,97,0.1017797552270412,280.0,1798.0,1.0,0.001,0.0,False,17.0,10,2,2,5.214935757608986
37.38,64.0,0.6847870715290499,-48,0.0253298152900634,0.0,1895.0,0.0,0.001,0.0,False,16.0,10,1,1,3.8918202981106265
36.6,62.0,0.6824465791058903,173,0.0362750405867487,240.0,1847.0,0.3,0.001,0.0024179620034542,False,15.0,10,1,1,4.219507705176107
38.58,0.0,0.997396611183328,-10,0.0049504950470542,0.0,2020.0,6.1,0.001,0.0,True,14.0,10,1,0,2.3978952727983707
,0.0,,0,0.0,0.0,2010.0,21.9,0.001,0.0016611295681063,True,13.0,10,0,0,0.0
36.08,283.0,,-129,0.064179104445682,0.0,2010.0,4.0,0.001,0.0,False,12.0,10,1,3,4.867534450455582
36.65,68.0,,-104,0.055289739470872,0.0,1881.0,0.8,0.001,0.0,False,11.0,10,1,1,4.653960350157523
36.22,183.0,0.2970409623828352,-76,0.0427687112871307,0.0,1777.0,17.3,0.001,0.0,False,10.0,10,1,3,4.343805421853684
37.09,48.0,0.4350095784385972,335,0.0382128159681288,400.0,1701.0,4.8,0.001,-0.0349722991689751,False,9.0,10,1,1,4.189654742026425
34.33,67.0,1.4110634287656902,-142,0.1679764242789899,200.0,2036.0,26.3,0.001,0.0337905654064905,False,8.0,10,2,1,5.83773044716594
36.9,10.0,1.5415684653408428,-5,0.0026399155213094,0.0,1894.0,0.3,0.001,0.0,True,7.0,10,0,1,1.791759469228055
,0.0,,0,0.0,0.0,1889.0,0.0,0.001,0.001658374792703,True,6.0,10,0,0,0.0
36.39,129.0,,-66,0.0349391212096669,0.0,1889.0,0.0,0.001,0.0,False,5.0,10,1,2,4.204692619390966
37.72,104.0,,-106,0.0581459132977806,0.0,1823.0,0.0,0.001,0.0,False,4.0,10,1,2,4.672828834461906
35.76,76.0,1.000616476644932,153,0.0739662201083481,280.0,1717.0,0.0,0.001,-0.06994459833795,False,3.0,10,2,1,4.852030263919617
36.06,65.0,1.0557146078999358,-182,0.09732620315651,0.0,1870.0,0.0,0.0,0.0,False,2.0,10,2,1,5.209486152841421
36.19,342.0,0.2205296654269227,347,0.031398104246802,400.0,1688.0,1.4,-0.0027999999999999,0.0847896440129448,False,1.0,11,1,3,3.9889840465642745
,5.0,,0,0.0,0.0,2035.0,14.7,-0.0027999999999999,0.0,True,0.0,11,0,1,0.0
,0.0,,0,0.0,0.0,2035.0,23.8,-0.0027999999999999,0.0,True,12.0,11,0,0,0.0
36.79,66.0,,-59,0.028992628978382,0.0,2035.0,37.0,-0.0027999999999999,0.0,False,11.0,11,1,1,4.0943445622221
35.68,106.0,,-58,0.0293522267057934,0.0,1976.0,20.1,-0.0027999999999999,0.0,False,10.0,11,1,2,4.07753744390572
35.88,127.0,0.5916361494477262,-85,0.0443169968486355,0.0,1918.0,7.8,-0.0027999999999999,0.0,False,9.0,11,1,2,4.454347296253507
37.17,182.0,0.8087232736439182,-50,0.0272776868372734,0.0,1833.0,28.4,-0.0027999999999999,0.0,False,8.0,11,1,3,3.9318256327243257
36.0,53.0,0.7126710321038756,-3,0.0016825574864371,0.0,1783.0,24.3,-0.0027999999999999,0.0,False,7.0,11,0,1,1.3862943611198906
35.9,0.0,0.7061397406557284,-20,0.0112359550498674,0.0,1780.0,0.1,-0.0027999999999999,0.0,True,6.0,11,1,0,3.044522437723423
,0.0,,0,0.0,0.0,1760.0,0.0,-0.0027999999999999,0.0016556291390728,True,5.0,11,0,0,0.0
36.76,59.0,,-119,0.0676136363252195,0.0,1760.0,0.0,-0.0027999999999999,0.0,False,4.0,11,1,1,4.787491742782046
34.84,58.0,,-39,0.0798293722852959,92.0,1641.0,2.5,-0.0027999999999999,-0.0926449787835925,False,3.0,11,2,1,4.882801922586371
35.71,85.0,0.9614052215377222,131,0.06803995001995,240.0,1602.0,17.1,-0.0027999999999999,0.0996763754045306,False,2.0,11,1,1,4.700480365792417
36.32,50.0,0.7437965671696337,371,0.0167339872955949,400.0,1733.0,0.2,-0.0027999999999999,0.0,False,1.0,11,1,1,3.4011973816621555
,3.0,,0,0.0,0.0,2104.0,8.7,-0.0027999999999999,0.0,False,0.0,11,0,0,0.0
34.77,20.0,,-42,0.0199619771768241,0.0,2104.0,10.4,-0.0027999999999999,0.0,True,4.0,11,1,1,3.7612001156935615
,0.0,,0,0.0,0.0,2062.0,0.0,-0.0027999999999999,0.0049586776859504,True,3.0,11,0,0,0.0
35.72,119.0,,-101,0.0489815712662553,0.0,2062.0,0.0,-0.0027999999999999,0.0,False,2.0,11,1,2,4.624972813284271
35.9,131.0,,-62,0.0316165221664372,0.0,1961.0,0.0,-0.0027999999999999,0.0,False,1.0,11,1,2,4.143134726391533
36.2,109.0,0.2424871130596491,-22,0.0115850447542996,0.0,1899.0,0.2,-0.0027999999999999,0.0,False,0.0,11,1,2,3.1354942159291497
34.78,29.0,0.7484205591332493,-142,0.0756526371466954,0.0,1877.0,0.7,-0.0027999999999999,0.0,False,34.0,11,2,1,4.962844630259907
35.82,0.0,0.7351190379795586,-88,0.0507204610658671,0.0,1735.0,2.6,-0.0027999999999999,0.0,False,33.0,11,1,0,4.48863636973214
33.0,42.0,1.426090226224589,-1,0.0006071645412221,0.0,1647.0,0.1,-0.0027999999999999,0.0,True,32.0,11,0,1,0.6931471805599453
,0.0,,0,0.0,0.0,1646.0,0.2,-0.0027999999999999,0.0016447368421053,True,31.0,11,0,0,0.0
35.0,101.0,,219,0.0370595382520901,280.0,1646.0,0.0,-0.0027999999999999,-0.01725377426312,False,30.0,11,1,2,4.127134385045092
35.65,62.0,,-30,0.0160857908760934,0.0,1865.0,0.0,-0.0027999999999999,0.0,False,29.0,11,1,1,3.4339872044851463
33.22,22.0,1.258027556666904,-151,0.0822888282930306,0.0,1835.0,0.0,-0.0027999999999999,0.0,False,28.0,11,2,1,5.0238805208462765
35.16,142.0,1.285081060997049,129,0.0896674583790573,280.0,1684.0,21.5,-0.0027999999999999,0.0,False,27.0,11,2,2,5.0238805208462765
34.59,88.0,0.997112497832262,-115,0.0634307776815053,0.0,1813.0,7.8,-0.0027999999999999,0.0,False,26.0,11,1,1,4.7535901911063645
34.9,1.0,0.2853652630109475,279,0.0005889281504187,280.0,1698.0,0.9,-0.0027999999999999,0.0,True,25.0,11,0,0,0.6931471805599453
,0.0,,0,0.0,0.0,1977.0,0.2,0.001,0.0032840722495894,True,24.0,12,0,0,0.0
34.89,61.0,,-102,0.0515933231908986,0.0,1977.0,18.8,0.001,0.0,False,23.0,12,1,1,4.634728988229636
35.26,30.0,,-41,0.0218666666550044,0.0,1875.0,45.2,0.001,0.0,False,22.0,12,1,1,3.737669618283368
34.49,151.0,0.3850973902793617,231,0.0267175572373404,280.0,1834.0,1.7,0.001,0.0,False,21.0,12,1,2,3.912023005428146
32.66,151.0,1.3355273615067964,-94,0.0455205810917575,0.0,2065.0,15.6,0.001,0.0,False,20.0,12,1,2,4.553876891600541
34.24,115.0,0.9922869208718338,-71,0.0360223236752804,0.0,1971.0,1.0,0.001,0.0,False,19.0,12,1,2,4.276666119016055
33.67,1.0,0.8001458200436371,-24,0.0126315789407202,0.0,1900.0,0.0,0.001,0.0,True,18.0,12,1,0,3.218875824868201
,0.0,,0,0.0,0.0,1876.0,0.5,0.001,0.0016366612111291,True,17.0,12,0,0,0.0
34.2,102.0,,-83,0.0442430703388896,0.0,1876.0,6.8,0.001,0.0,False,16.0,12,1,2,4.430816798843313
34.79,41.0,,-141,0.0786391522149251,0.0,1793.0,18.35,0.001,0.0,False,15.0,12,2,1,4.955827057601261
35.63,49.0,0.718632961485415,255,0.0151331719036724,280.0,1652.0,18.35,0.001,0.0,False,14.0,12,1,1,3.258096538021482
35.41,94.0,0.4355838993044841,-82,0.0429994755936027,0.0,1907.0,18.35,0.001,0.0,False,13.0,12,1,2,4.418840607796598
34.45,71.0,0.6274817394421107,-56,0.0306849314900356,0.0,1825.0,18.35,0.001,0.0,False,12.0,12,1,1,4.04305126783455
35.7,24.0,0.6542425645991685,259,0.0118711136168054,280.0,1769.0,29.9,0.001,0.0,True,11.0,12,1,1,3.091042453358316
,0.0,,0,0.0,0.0,2028.0,10.0,0.001,-0.0049019607843138,True,10.0,12,0,0,0.0
33.73,83.0,,-115,0.0567061143704604,0.0,2028.0,0.0,0.001,0.0,False,9.0,12,1,1,4.7535901911063645
33.64,141.0,,-129,0.0674333507227217,0.0,1913.0,0.0,0.001,0.0,False,8.0,12,1,2,4.867534450455582
35.06,25.0,0.7951310164578587,201,0.0442825111859402,280.0,1784.0,0.0,0.001,0.0180212014134276,False,7.0,12,1,1,4.382026634673881
34.14,82.0,0.720277724214744,-152,0.0765743072662094,0.0,1985.0,0.0,0.001,0.0,False,6.0,12,2,1,5.030437921392435
34.38,56.0,0.4772141378179177,167,0.061647572252238,280.0,1833.0,19.2,0.001,0.0,False,5.0,12,1,1,4.736198448394496
32.9,21.0,0.794313120458996,-50,0.0249999999874999,0.0,2000.0,33.7,0.001,0.0,True,4.0,12,1,1,3.9318256327243257
,0.0,,0,0.0,0.0,1950.0,5.0,0.001,0.0065681444991789,True,3.0,12,0,0,0.0
33.12,115.0,,-63,0.0323076922911242,0.0,1950.0,1.3,0.001,0.0,False,2.0,12,1,2,4.158883083359672
,129.0,,0,0.0,0.0,1887.0,0.0,0.001,0.0,False,1.0,12,0,2,0.0
,79.0,,0,0.0,0.0,1887.0,12.2,0.001,0.0,False,0.0,12,0,1,0.0
35.05,152.0,,176,0.0127186009471549,200.0,1887.0,22.7,0.001,0.1435768261964735,False,6.0,12,1,3,3.218875824868201
,113.0,,0,0.0,0.0,2063.0,12.9,0.001,0.0,False,5.0,12,0,2,0.0
34.13,50.0,,-16,0.0077556955851887,0.0,2063.0,2.4,0.001,0.0,True,4.0,12,1,1,2.833213344056216
,0.0,,0,0.0,0.0,2047.0,1.4,0.001,-0.0016313213703099,True,3.0,12,0,0,0.0
,63.0,,0,0.0,0.0,2047.0,0.2,0.001,0.0,False,2.0,12,0,1,0.0
,0.0,,0,0.0,0.0,82.0,0.0,0.0,0.0,False,1.0,12,0,0,0.0
